"RK","Name","POS","Team","Bye","POS","ADP","FPTS","G","FPTS/G","TIER","ATT","CMP","YDS","TD","INT","ATT","YDS","TD","TGT","REC","YDS","TD","UP","DOWN","MOVE","TARGET","WIN"
"1","Jahmyr Gibbs","RB","DET","6","-","-","347.6","15","23.17","1","0","0","0","0","0","272.0","1352.9","13.5","78.8","65.4","478.9","3.2","-","-","-","-","-"
"2","Bijan Robinson","RB","ATL","11","-","-","338.0","15","22.53","1","0","0","0","0","0","292.8","1370.0","9.7","82.4","67.3","587.4","3.1","-","-","-","-","-"
"3","Josh Allen","QB","BUF","7","-","-","335.9","15","22.39","1","466","311","3585","24.6","11","106.1","522.8","9.2","-","-","-","-","-","-","-","-","-"
"4","Puka Nacua","WR","LA","11","-","-","313.6","15","20.91","1","0","0","0","0","0","11.9","73.8","0.5","149.2","108.7","1455.9","8.2","-","-","-","-","-"
"5","Lamar Jackson","QB","BLT","13","-","-","312.2","15","20.81","2","434","283","3528","24.0","9","121.1","668.3","3.5","-","-","-","-","-","-","-","-","-"
"6","Jonathan Taylor","RB","IND","13","-","-","309.1","15","20.61","2","0","0","0","0","0","289.8","1371.8","13.7","55.8","46.0","346.5","1.8","-","-","-","-","-"
"7","Jalen Hurts","QB","PHI","10","-","-","303.4","15","20.22","2","458","301","3354","21.7","7","108.9","502.1","7.1","-","-","-","-","-","-","-","-","-"
"8","Drake Maye","QB","NE","11","-","-","303.1","15","20.21","2","458","309","3728","25.3","10","93.6","478.9","3.2","-","-","-","-","-","-","-","-","-"
"9","Jayden Daniels","QB","WAS","7","-","-","299.4","15","19.96","2","435","282","3087","19.4","8","131.7","807.2","4.8","-","-","-","-","-","-","-","-","-"
"10","Christian McCaffrey","RB","SF","8","-","-","298.8","14.5","20.61","2","0","0","0","0","0","247.4","980.9","8.4","79.7","66.2","563.6","4.8","-","-","-","-","-"
"11","Joe Burrow","QB","CIN","6","-","-","295.7","15","19.71","3","543","368","3971","31.0","11","40.3","173.2","1.5","-","-","-","-","-","-","-","-","-"
"12","Dak Prescott","QB","DAL","14","-","-","295.5","15","19.70","3","536","360","4058","29.3","12","49.5","187.8","1.9","-","-","-","-","-","-","-","-","-"
"13","Trevor Lawrence","QB","JAX","7","-","-","292.1","15","19.47","3","501","319","3758","24.9","12","66.5","295.7","4.5","-","-","-","-","-","-","-","-","-"
"14","De'Von Achane","RB","MIA","6","-","-","287.5","15","19.17","3","0","0","0","0","0","243.1","1256.6","7.4","71.3","60.0","419.1","2.8","-","-","-","-","-"
"15","Ja'Marr Chase","WR","CIN","6","-","-","285.1","15","19.01","2","0","0","0","0","0","3.1","18.5","0.0","145.7","102.2","1269.7","9.1","-","-","-","-","-"
"16","Justin Herbert","QB","LAC","7","-","-","280.6","15","18.71","4","514","340","3783","25.2","10","62.4","306.2","1.8","-","-","-","-","-","-","-","-","-"
"17","Brock Purdy","QB","SF","8","-","-","277.2","15","18.48","4","471","314","3677","27.1","14","56.9","253.5","2.2","-","-","-","-","-","-","-","-","-"
"18","Jaxon Smith-Njigba","WR","SEA","11","-","-","275.3","15","18.35","2","0","0","0","0","0","2.8","14.7","0.0","131.2","91.7","1298.8","8.8","-","-","-","-","-"
"19","Caleb Williams","QB","CHI","10","-","-","272.9","15","18.19","4","506","308","3623","23.7","10","65.3","335.9","2.0","-","-","-","-","-","-","-","-","-"
"20","Saquon Barkley","RB","PHI","10","-","-","272.8","15","18.19","3","0","0","0","0","0","295.7","1323.5","10.1","51.5","40.7","291.7","1.8","-","-","-","-","-"
"21","Jaxson Dart","QB","NYG","8","-","-","272.4","14.5","18.79","4","428","274","3015","18.7","9","100.3","559.3","5.6","-","-","-","-","-","-","-","-","-"
"22","Matthew Stafford","QB","LA","11","-","-","271.6","15","18.10","4","522","340","4015","29.5","10","25.2","23.3","0.4","-","-","-","-","-","-","-","-","-"
"23","Bo Nix","QB","DEN","10","-","-","269.6","15","17.98","4","533","343","3584","23.8","11","69.5","296.5","2.3","-","-","-","-","-","-","-","-","-"
"24","James Cook","RB","BUF","7","-","-","268.0","15","17.87","4","0","0","0","0","0","277.0","1367.4","10.5","39.8","32.4","278.1","1.6","-","-","-","-","-"
"25","Amon-Ra St. Brown","WR","DET","6","-","-","267.1","15","17.81","3","0","0","0","0","0","3.3","18.8","0.1","137.9","94.8","1210.7","8.2","-","-","-","-","-"
"26","Ashton Jeanty","RB","LV","13","-","-","265.1","15","17.67","4","0","0","0","0","0","251.5","1040.0","8.0","72.6","58.7","389.6","2.7","-","-","-","-","-"
"27","Tyler Shough","QB","NO","8","-","-","263.5","15","17.57","5","523","348","3695","20.8","10","63.8","285.3","2.9","-","-","-","-","-","-","-","-","-"
"28","Malik Willis","QB","MIA","6","-","-","263.5","15","17.56","5","408","276","2872","16.9","11","116.2","711.9","4.0","-","-","-","-","-","-","-","-","-"
"29","Jared Goff","QB","DET","6","-","-","262.4","15","17.49","5","513","346","3958","27.1","8","21.2","43.9","0.3","-","-","-","-","-","-","-","-","-"
"30","Kyler Murray","QB","MIN","6","-","-","259.6","14","18.54","5","463","310","3252","20.9","9","71.4","414.6","2.7","-","-","-","-","-","-","-","-","-"
"31","Jordan Love","QB","GB","11","-","-","255.3","15","17.02","5","470","303","3546","24.7","8","41.6","181.1","1.2","-","-","-","-","-","-","-","-","-"
"32","Patrick Mahomes","QB","KC","5","-","-","255.0","14.5","17.59","5","486","317","3503","23.2","11","50.9","295.9","0.9","-","-","-","-","-","-","-","-","-"
"33","CeeDee Lamb","WR","DAL","14","-","-","252.3","15","16.82","3","0","0","0","0","0","2.2","12.9","0.1","132.0","88.3","1179.1","7.5","-","-","-","-","-"
"34","Justin Jefferson","WR","MIN","6","-","-","251.7","15","16.78","4","0","0","0","0","0","2.2","10.2","0.1","134.2","89.2","1160.5","7.6","-","-","-","-","-"
"35","Baker Mayfield","QB","TB","10","-","-","251.4","15","16.76","5","489","308","3451","23.9","12","53.0","255.4","1.1","-","-","-","-","-","-","-","-","-"
"36","Sam Darnold","QB","SEA","11","-","-","247.2","15","16.48","6","470","307","3732","23.3","12","40.8","140.0","0.8","-","-","-","-","-","-","-","-","-"
"37","C.J. Stroud","QB","HST","8","-","-","245.0","15","16.33","6","493","315","3517","22.1","12","48.5","216.7","1.5","-","-","-","-","-","-","-","-","-"
"38","Derrick Henry","RB","BLT","13","-","-","243.9","15","16.26","5","0","0","0","0","0","275.6","1364.2","12.4","19.5","15.9","158.2","0.4","-","-","-","-","-"
"39","Kenneth Walker III","RB","KC","5","-","-","239.2","15","15.95","5","0","0","0","0","0","238.7","1065.4","9.3","45.9","38.3","305.0","1.4","-","-","-","-","-"
"40","Chase Brown","RB","CIN","6","-","-","239.0","15","15.93","5","0","0","0","0","0","205.9","892.4","6.6","66.0","55.5","386.5","2.8","-","-","-","-","-"
"41","Omarion Hampton","RB","LAC","7","-","-","235.2","15","15.68","5","0","0","0","0","0","230.6","1014.9","7.8","55.3","45.9","315.0","1.8","-","-","-","-","-"
"42","Breece Hall","RB","NYJ","13","-","-","232.6","15","15.50","5","0","0","0","0","0","242.2","1071.6","5.8","53.0","45.4","353.6","1.9","-","-","-","-","-"
"43","Drake London","WR","ATL","11","-","-","232.2","15","15.48","5","0","0","0","0","0","-","-","-","133.6","86.4","1055.2","6.8","-","-","-","-","-"
"44","Josh Jacobs","RB","GB","11","-","-","231.7","14","16.55","5","0","0","0","0","0","251.0","1054.8","11.0","40.2","33.5","222.2","1.0","-","-","-","-","-"
"45","Jacoby Brissett","QB","ARZ","14","-","-","230.3","14","16.45","7","469","303","3284","20.6","8","42.0","188.3","1.5","-","-","-","-","-","-","-","-","-"
"46","Jeremiyah Love","RB","ARZ","14","-","-","229.1","15","15.27","5","0","0","0","0","0","220.6","1002.1","7.6","54.7","45.0","308.1","1.8","-","-","-","-","-"
"47","Rashee Rice","WR","KC","5","-","-","227.8","14.5","15.71","5","0","0","0","0","0","5.9","29.1","0.3","114.3","82.1","1009.4","6.9","-","-","-","-","-"
"48","Geno Smith","QB","NYJ","13","-","-","224.7","15","14.98","7","479","317","3370","21.1","14","48.9","171.6","1.0","-","-","-","-","-","-","-","-","-"
"49","Javonte Williams","RB","DAL","14","-","-","223.8","15","14.92","6","0","0","0","0","0","249.6","1097.9","8.7","43.6","36.1","177.2","1.5","-","-","-","-","-"
"50","Chris Olave","WR","NO","8","-","-","220.9","15","14.73","5","0","0","0","0","0","1.3","6.5","0.0","127.5","83.5","1034.1","5.6","-","-","-","-","-"
"51","Cam Ward","QB","TEN","9","-","-","220.9","15","14.72","7","504","316","3277","19.7","10","41.9","176.6","1.2","-","-","-","-","-","-","-","-","-"
"52","Travis Etienne","RB","NO","8","-","-","219.4","15","14.63","6","0","0","0","0","0","220.2","948.6","7.0","48.5","41.2","317.2","1.8","-","-","-","-","-"
"53","Cam Skattebo","RB","NYG","8","-","-","218.3","15","14.55","6","0","0","0","0","0","221.8","926.7","8.0","50.6","41.7","272.9","1.7","-","-","-","-","-"
"54","Nico Collins","WR","HST","8","-","-","218.1","15","14.54","5","0","0","0","0","0","0.7","4.0","0.0","116.9","74.6","1059.5","6.2","-","-","-","-","-"
"55","Kyren Williams","RB","LA","11","-","-","217.7","15","14.51","6","0","0","0","0","0","226.9","1043.2","8.9","38.3","30.6","218.2","1.4","-","-","-","-","-"
"56","David Montgomery","RB","HST","8","-","-","217.7","15","14.51","6","0","0","0","0","0","263.2","1115.0","8.6","36.7","29.9","218.0","0.7","-","-","-","-","-"
"57","Tee Higgins","WR","CIN","6","-","-","217.2","15","14.48","5","0","0","0","0","0","-","-","-","107.4","69.9","974.2","8.4","-","-","-","-","-"
"58","George Pickens","WR","DAL","14","-","-","217.2","14.5","14.98","5","0","0","0","0","0","1.7","9.2","0.1","111.9","74.6","1023.8","6.6","-","-","-","-","-"
"59","Garrett Wilson","WR","NYJ","13","-","-","217.1","15","14.47","6","0","0","0","0","0","2.4","9.7","0.0","125.7","82.9","966.1","6.2","-","-","-","-","-"
"60","A.J. Brown","WR","NE","11","-","-","216.4","15","14.43","6","0","0","0","0","0","2.5","13.1","0.1","106.8","70.1","1058.9","6.5","-","-","-","-","-"
"61","Brock Bowers","TE","LV","13","-","-","214.5","15","14.30","1","0","0","0","0","0","3.6","8.5","0.0","113.1","85.6","916.1","6.1","-","-","-","-","-"
"62","Aaron Rodgers","QB","PIT","9","-","-","212.3","15","14.15","8","479","313","3136","21.8","8","19.0","68.9","0.4","-","-","-","-","-","-","-","-","-"
"63","DeVonta Smith","WR","PHI","10","-","-","212.0","15","14.13","6","0","0","0","0","0","-","-","-","118.2","79.3","961.6","6.1","-","-","-","-","-"
"64","Bryce Young","QB","CAR","5","-","-","211.6","15","14.10","8","462","293","2984","18.9","10","46.0","223.9","1.1","-","-","-","-","-","-","-","-","-"
"65","Zay Flowers","WR","BLT","13","-","-","211.4","15","14.10","6","0","0","0","0","0","5.6","33.2","0.1","105.7","71.4","1030.0","5.6","-","-","-","-","-"
"66","Bucky Irving","RB","TB","10","-","-","207.1","14.5","14.28","7","0","0","0","0","0","218.1","908.4","6.4","42.2","35.4","321.1","1.9","-","-","-","-","-"
"67","Bhayshul Tuten","RB","JAX","7","-","-","206.4","15","13.76","7","0","0","0","0","0","235.8","985.5","8.9","34.4","27.3","203.3","1.4","-","-","-","-","-"
"68","Quinshon Judkins","RB","CLV","11","-","-","206.1","15","13.74","7","0","0","0","0","0","271.1","1010.5","7.5","38.3","30.3","239.2","1.1","-","-","-","-","-"
"69","Daniel Jones","QB","IND","13","-","-","206.0","12","17.17","8","402","266","2883","17.8","9","42.8","162.2","2.3","-","-","-","-","-","-","-","-","-"
"70","Davante Adams","WR","LA","11","-","-","205.9","15","13.73","6","0","0","0","0","0","-","-","-","117.3","69.6","874.4","8.2","-","-","-","-","-"
"71","D'Andre Swift","RB","CHI","10","-","-","202.9","15","13.53","7","0","0","0","0","0","206.4","956.4","7.0","39.7","31.8","261.1","1.4","-","-","-","-","-"
"72","Trey McBride","TE","ARZ","14","-","-","201.7","15","13.45","1","0","0","0","0","0","-","-","-","118.7","90.8","775.8","5.6","-","-","-","-","-"
"73","Rhamondre Stevenson","RB","NE","11","-","-","201.1","15","13.40","7","0","0","0","0","0","182.6","791.7","6.5","45.9","38.8","332.7","2.1","-","-","-","-","-"
"74","Ladd McConkey","WR","LAC","7","-","-","198.2","15","13.22","7","0","0","0","0","0","-","-","-","106.8","70.0","947.7","5.7","-","-","-","-","-"
"75","Terry McLaurin","WR","WAS","7","-","-","197.7","15","13.18","7","0","0","0","0","0","-","-","-","102.7","65.9","958.6","6.0","-","-","-","-","-"
"76","Jameson Williams","WR","DET","6","-","-","195.4","15","13.03","7","0","0","0","0","0","6.0","32.4","0.2","88.6","57.2","974.3","6.1","-","-","-","-","-"
"77","Mike Evans","WR","SF","8","-","-","194.7","15","12.98","7","0","0","0","0","0","-","-","-","98.5","62.1","863.3","7.7","-","-","-","-","-"
"78","Tony Pollard","RB","TEN","9","-","-","193.9","15","12.93","7","0","0","0","0","0","220.4","965.7","6.1","42.9","34.9","210.9","1.0","-","-","-","-","-"
"79","Emeka Egbuka","WR","TB","10","-","-","193.2","15","12.88","7","0","0","0","0","0","1.8","10.1","0.0","113.8","65.7","882.9","6.4","-","-","-","-","-"
"80","Tyler Warren","TE","IND","13","-","-","192.8","15","12.86","2","0","0","0","0","0","4.7","8.8","0.7","105.3","77.7","798.3","5.1","-","-","-","-","-"
"81","Chuba Hubbard","RB","CAR","5","-","-","192.4","15","12.83","7","0","0","0","0","0","225.9","864.3","6.7","44.6","37.4","215.7","1.3","-","-","-","-","-"
"82","Jaylen Waddle","WR","DEN","10","-","-","187.8","15","12.52","7","0","0","0","0","0","1.7","10.2","0.0","104.8","65.9","888.0","5.4","-","-","-","-","-"
"83","Jakobi Meyers","WR","JAX","7","-","-","186.2","15","12.42","7","0","0","0","0","0","3.5","17.5","0.1","103.3","69.8","841.7","5.0","-","-","-","-","-"
"84","Colston Loveland","TE","CHI","10","-","-","186.0","15","12.40","2","0","0","0","0","0","0.8","3.9","0.0","104.2","73.1","796.2","5.5","-","-","-","-","-"
"85","Christian Watson","WR","GB","11","-","-","185.5","14","13.25","7","0","0","0","0","0","1.6","8.9","0.1","92.6","57.1","894.8","6.3","-","-","-","-","-"
"86","Parker Washington","WR","JAX","7","-","-","185.2","15","12.34","7","0","0","0","0","0","5.6","28.7","0.2","100.2","63.4","850.4","5.6","-","-","-","-","-"
"87","Tetairoa McMillan","WR","CAR","5","-","-","185.0","15","12.34","7","0","0","0","0","0","-","-","-","105.5","66.4","858.6","5.5","-","-","-","-","-"
"88","Brian Thomas Jr.","WR","JAX","7","-","-","184.5","15","12.30","7","0","0","0","0","0","2.5","15.8","0.2","101.6","63.0","855.3","5.5","-","-","-","-","-"
"89","Jaylen Warren","RB","PIT","9","-","-","184.4","15","12.29","8","0","0","0","0","0","168.8","767.9","5.1","46.1","40.0","287.9","1.5","-","-","-","-","-"
"90","DJ Moore","WR","BUF","7","-","-","184.1","15","12.27","7","0","0","0","0","0","8.2","48.3","0.2","104.8","67.9","776.6","5.5","-","-","-","-","-"
"91","Rome Odunze","WR","CHI","10","-","-","181.7","15","12.11","8","0","0","0","0","0","-","-","-","109.1","62.0","840.7","6.0","-","-","-","-","-"
"92","DK Metcalf","WR","PIT","9","-","-","180.4","15","12.03","8","0","0","0","0","0","1.3","7.8","0.0","104.1","64.7","809.4","5.7","-","-","-","-","-"
"93","Michael Pittman","WR","PIT","9","-","-","180.1","15","12.01","8","0","0","0","0","0","-","-","-","116.6","78.0","723.5","5.0","-","-","-","-","-"
"94","Courtland Sutton","WR","DEN","10","-","-","176.1","15","11.74","8","0","0","0","0","0","-","-","-","98.2","61.5","798.5","5.9","-","-","-","-","-"
"95","Luther Burden III","WR","CHI","10","-","-","174.6","15","11.64","8","0","0","0","0","0","6.7","35.3","0.0","94.3","63.2","806.7","4.6","-","-","-","-","-"
"96","Jayden Reed","WR","GB","11","-","-","173.1","15","11.54","8","0","0","0","0","0","11.8","76.7","0.4","83.3","57.4","762.3","4.9","-","-","-","-","-"
"97","TreVeyon Henderson","RB","NE","11","-","-","172.6","15","11.51","8","0","0","0","0","0","173.3","785.6","5.9","34.2","29.2","231.9","1.1","-","-","-","-","-"
"98","Travis Kelce","TE","KC","5","-","-","170.8","15","11.39","3","0","0","0","0","0","-","-","-","93.2","69.5","705.2","5.2","-","-","-","-","-"
"99","Rico Dowdle","RB","PIT","9","-","-","170.1","15","11.34","8","0","0","0","0","0","176.7","785.1","5.2","38.7","32.4","218.2","1.1","-","-","-","-","-"
"100","Carnell Tate","WR","TEN","9","-","-","169.5","15","11.30","8","0","0","0","0","0","-","-","-","105.8","68.2","730.8","4.8","-","-","-","-","-"
"101","Kenny Gainwell","RB","TB","10","-","-","168.1","15","11.20","9","0","0","0","0","0","138.4","589.2","4.1","52.0","42.6","318.8","1.9","-","-","-","-","-"
"102","Aaron Jones","RB","MIN","6","-","-","167.0","14","11.93","9","0","0","0","0","0","163.1","676.2","3.3","50.8","42.4","285.7","1.6","-","-","-","-","-"
"103","Deshaun Watson","QB","CLV","11","-","-","166.4","12","13.86","9","391","242","2407","14.4","11","42.4","211.2","0.7","-","-","-","-","-","-","-","-","-"
"104","Jordyn Tyson","WR","NO","8","-","-","165.4","14.5","11.40","9","0","0","0","0","0","-","-","-","101.5","66.4","748.2","4.2","-","-","-","-","-"
"105","Wan'Dale Robinson","WR","TEN","9","-","-","164.8","15","10.99","9","0","0","0","0","0","2.7","14.2","0.0","100.4","67.3","738.8","3.7","-","-","-","-","-"
"106","Kyle Pitts","TE","ATL","11","-","-","164.6","15","10.98","3","0","0","0","0","0","-","-","-","93.9","65.4","749.6","4.1","-","-","-","-","-"
"107","Alec Pierce","WR","IND","13","-","-","163.9","14","11.71","9","0","0","0","0","0","-","-","-","95.0","54.8","813.3","4.7","-","-","-","-","-"
"108","Sam LaPorta","TE","DET","6","-","-","163.6","14","11.68","3","0","0","0","0","0","-","-","-","81.3","63.2","697.4","5.1","-","-","-","-","-"
"109","Jordan Addison","WR","MIN","6","-","-","163.6","15","10.91","9","0","0","0","0","0","2.5","16.7","0.1","90.0","57.4","757.5","4.8","-","-","-","-","-"
"110","Josh Downs","WR","IND","13","-","-","160.2","15","10.68","9","0","0","0","0","0","1.4","7.0","0.0","94.0","64.5","702.6","4.2","-","-","-","-","-"
"111","Jadarian Price","RB","SEA","11","-","-","159.3","15","10.62","9","0","0","0","0","0","211.4","917.7","6.2","21.4","17.8","118.2","0.5","-","-","-","-","-"
"112","Quentin Johnston","WR","LAC","7","-","-","158.7","15","10.58","9","0","0","0","0","0","2.4","11.4","0.1","91.2","57.5","683.2","5.3","-","-","-","-","-"
"113","Harold Fannin Jr.","TE","CLV","11","-","-","158.1","15","10.54","3","0","0","0","0","0","4.4","12.0","0.2","95.6","68.0","649.7","3.8","-","-","-","-","-"
"114","Dallas Goedert","TE","PHI","10","-","-","157.1","15","10.48","3","0","0","0","0","0","-","-","-","82.4","63.1","662.3","4.7","-","-","-","-","-"
"115","Romeo Doubs","WR","NE","11","-","-","155.2","15","10.35","9","0","0","0","0","0","-","-","-","77.7","52.6","742.4","4.8","-","-","-","-","-"
"116","Fernando Mendoza","QB","LV","13","-","-","155.1","10","15.51","9","324","206","2230","13.2","7","32.7","146.4","1.3","-","-","-","-","-","-","-","-","-"
"117","Jake Ferguson","TE","DAL","14","-","-","154.5","15","10.30","4","0","0","0","0","0","-","-","-","78.9","62.1","603.6","5.4","-","-","-","-","-"
"118","Marvin Harrison Jr.","WR","ARZ","14","-","-","154.2","15","10.28","10","0","0","0","0","0","-","-","-","99.9","58.8","691.6","4.4","-","-","-","-","-"
"119","Makai Lemon","WR","PHI","10","-","-","152.8","15","10.18","9","0","0","0","0","0","-","-","-","88.4","58.7","695.4","4.2","-","-","-","-","-"
"120","Malik Nabers","WR","NYG","8","-","-","151.4","11","13.77","9","0","0","0","0","0","-","-","-","88.8","56.3","678.5","4.6","-","-","-","-","-"
"121","Mark Andrews","TE","BLT","13","-","-","151.4","15","10.09","4","0","0","0","0","0","3.8","6.1","0.2","77.4","57.1","591.0","5.7","-","-","-","-","-"
"122","Tucker Kraft","TE","GB","11","-","-","150.0","14","10.71","4","0","0","0","0","0","1.9","5.4","0.0","74.0","56.3","624.7","5.2","-","-","-","-","-"
"123","Cooper Kupp","WR","SEA","11","-","-","148.6","15","9.90","10","0","0","0","0","0","0.2","0.5","0.0","78.0","54.0","737.9","3.5","-","-","-","-","-"
"124","Brenton Strange","TE","JAX","7","-","-","148.5","15","9.90","4","0","0","0","0","0","-","-","-","78.1","59.1","636.9","4.3","-","-","-","-","-"
"125","RJ Harvey","RB","DEN","10","-","-","148.0","15","9.87","10","0","0","0","0","0","127.2","499.2","3.7","53.9","44.5","234.2","1.5","-","-","-","-","-"
"126","Michael Wilson","WR","ARZ","14","-","-","147.2","15","9.81","10","0","0","0","0","0","-","-","-","91.9","57.2","661.6","4.0","-","-","-","-","-"
"127","Chris Godwin Jr.","WR","TB","10","-","-","146.7","14","10.48","10","0","0","0","0","0","-","-","-","81.8","57.2","663.5","3.9","-","-","-","-","-"
"128","Rachaad White","RB","WAS","7","-","-","142.9","15","9.53","10","0","0","0","0","0","134.1","540.8","4.2","37.2","33.3","238.0","1.2","-","-","-","-","-"
"129","Stefon Diggs","WR","FA","","-","-","142.1","15","9.47","10","0","0","0","0","0","-","-","-","79.2","54.6","651.1","3.8","-","-","-","-","-"
"130","Jayden Higgins","WR","HST","8","-","-","141.7","15","9.45","10","0","0","0","0","0","-","-","-","83.4","53.2","645.2","4.0","-","-","-","-","-"
"131","Khalil Shakir","WR","BUF","7","-","-","141.5","15","9.44","10","0","0","0","0","0","0.7","3.9","0.0","74.9","56.1","632.8","3.7","-","-","-","-","-"
"132","Xavier Worthy","WR","KC","5","-","-","140.9","15","9.40","10","0","0","0","0","0","12.9","74.4","0.4","77.7","48.6","599.8","3.8","-","-","-","-","-"
"133","Blake Corum","RB","LA","11","-","-","140.6","15","9.38","10","0","0","0","0","0","164.6","759.7","6.3","17.5","13.8","100.1","0.6","-","-","-","-","-"
"134","Isaiah Likely","TE","NYG","8","-","-","140.2","15","9.35","4","0","0","0","0","0","-","-","-","78.7","58.3","607.1","3.6","-","-","-","-","-"
"135","Kyle Monangai","RB","CHI","10","-","-","140.0","15","9.33","10","0","0","0","0","0","155.0","668.2","4.9","27.4","20.5","184.0","0.9","-","-","-","-","-"
"136","Isiah Pacheco","RB","DET","6","-","-","139.2","15","9.28","10","0","0","0","0","0","148.3","651.2","6.0","25.2","20.9","127.8","0.8","-","-","-","-","-"
"137","Deebo Samuel Sr.","WR","FA","","-","-","139.1","15","9.27","10","0","0","0","0","0","15.3","68.6","0.5","72.3","50.1","602.2","3.2","-","-","-","-","-"
"138","Jerry Jeudy","WR","CLV","11","-","-","138.4","15","9.22","10","0","0","0","0","0","0.6","3.4","0.0","88.5","52.9","636.9","3.6","-","-","-","-","-"
"139","Ricky Pearsall","WR","SF","8","-","-","137.4","15","9.16","10","0","0","0","0","0","2.6","12.6","0.0","74.2","47.5","672.2","3.6","-","-","-","-","-"
"140","Jalen McMillan","WR","TB","10","-","-","136.9","14","9.78","10","0","0","0","0","0","2.4","13.2","0.0","70.4","44.5","638.7","4.6","-","-","-","-","-"
"141","Hunter Henry","TE","NE","11","-","-","136.9","15","9.13","5","0","0","0","0","0","-","-","-","69.6","52.0","576.1","4.6","-","-","-","-","-"
"142","Dalton Schultz","TE","HST","8","-","-","136.5","15","9.10","5","0","0","0","0","0","-","-","-","76.2","57.3","581.2","3.6","-","-","-","-","-"
"143","Dalton Kincaid","TE","BUF","7","-","-","134.2","14.5","9.26","5","0","0","0","0","0","-","-","-","69.1","52.0","574.3","4.2","-","-","-","-","-"
"144","Matthew Golden","WR","GB","11","-","-","134.0","15","8.93","10","0","0","0","0","0","7.0","36.4","0.1","70.5","45.2","615.7","3.9","-","-","-","-","-"
"145","Pat Freiermuth","TE","PIT","9","-","-","133.7","15","8.91","5","0","0","0","0","0","-","-","-","73.3","55.5","544.2","4.0","-","-","-","-","-"
"146","Juwan Johnson","TE","NO","8","-","-","133.3","15","8.88","5","0","0","0","0","0","-","-","-","72.2","54.5","601.1","3.2","-","-","-","-","-"
"147","Kenyon Sadiq","TE","NYJ","13","-","-","131.5","15","8.77","5","0","0","0","0","0","-","-","-","75.3","57.1","541.9","3.5","-","-","-","-","-"
"148","T.J. Hockenson","TE","MIN","6","-","-","131.3","15","8.75","5","0","0","0","0","0","-","-","-","74.9","57.4","518.9","3.7","-","-","-","-","-"
"149","George Kittle","TE","SF","8","-","-","131.0","11.5","11.39","5","0","0","0","0","0","0.6","1.9","0.0","62.1","48.2","538.9","4.8","-","-","-","-","-"
"150","Jauan Jennings","WR","MIN","6","-","-","130.5","15","8.70","11","0","0","0","0","0","-","-","-","72.9","47.6","608.0","3.7","-","-","-","-","-"
"151","Ryan Flournoy","WR","DAL","14","-","-","129.8","15","8.65","11","0","0","0","0","0","2.6","14.5","0.0","64.7","44.1","610.2","3.9","-","-","-","-","-"
"152","KC Concepcion","WR","CLV","11","-","-","128.6","15","8.57","11","0","0","0","0","0","-","-","-","84.2","52.5","563.8","3.4","-","-","-","-","-"
"153","Tre Tucker","WR","LV","13","-","-","127.5","15","8.50","11","0","0","0","0","0","7.5","43.6","0.2","67.2","41.3","596.0","3.5","-","-","-","-","-"
"154","Tua Tagovailoa","QB","ATL","11","-","-","127.3","9","14.14","10","295","193","2034","11.9","9","20.6","60.7","0.4","-","-","-","-","-","-","-","-","-"
"155","Jalen Nailor","WR","LV","13","-","-","127.2","15","8.48","11","0","0","0","0","0","2.4","12.4","0.0","70.9","44.6","599.0","3.6","-","-","-","-","-"
"156","Omar Cooper Jr.","WR","NYJ","13","-","-","125.9","15","8.39","11","0","0","0","0","0","-","-","-","70.9","46.4","583.5","3.6","-","-","-","-","-"
"157","Jalen Coker","WR","CAR","5","-","-","125.7","14","8.98","11","0","0","0","0","0","-","-","-","73.8","49.9","585.5","2.9","-","-","-","-","-"
"158","Cade Otton","TE","TB","10","-","-","125.1","15","8.34","5","0","0","0","0","0","-","-","-","76.6","55.6","487.2","3.5","-","-","-","-","-"
"159","Rashid Shaheed","WR","SEA","11","-","-","124.2","15","8.28","11","0","0","0","0","0","7.0","40.0","0.2","69.2","44.2","567.1","3.1","-","-","-","-","-"
"160","Antonio Williams","WR","WAS","7","-","-","119.4","15","7.96","11","0","0","0","0","0","-","-","-","72.9","47.7","535.0","3.1","-","-","-","-","-"
"161","Jonathon Brooks","RB","CAR","5","-","-","119.2","15","7.95","11","0","0","0","0","0","138.0","585.2","4.0","24.0","19.5","129.4","0.8","-","-","-","-","-"
"162","Dontayvion Wicks","WR","PHI","10","-","-","118.7","15","7.92","11","0","0","0","0","0","-","-","-","55.8","35.4","612.1","3.7","-","-","-","-","-"
"163","Michael Penix Jr.","QB","ATL","11","-","-","118.5","8","14.81","10","260","160","1804","10.3","5","20.8","78.0","0.6","-","-","-","-","-","-","-","-","-"
"164","Oronde Gadsden II","TE","LAC","7","-","-","117.3","15","7.82","6","0","0","0","0","0","-","-","-","56.6","41.9","541.4","3.6","-","-","-","-","-"
"165","Chig Okonkwo","TE","WAS","7","-","-","117.0","15","7.80","6","0","0","0","0","0","-","-","-","58.5","43.9","547.4","3.1","-","-","-","-","-"
"166","Adonai Mitchell","WR","NYJ","13","-","-","114.5","15","7.63","12","0","0","0","0","0","1.7","7.1","0.0","71.8","42.4","529.7","3.1","-","-","-","-","-"
"167","Dylan Sampson","RB","CLV","11","-","-","114.1","15","7.61","11","0","0","0","0","0","73.6","260.4","1.7","50.1","41.5","290.5","1.4","-","-","-","-","-"
"168","AJ Barner","TE","SEA","11","-","-","114.0","15","7.60","6","0","0","0","0","0","6.3","10.1","0.5","52.7","40.6","462.1","3.9","-","-","-","-","-"
"169","J.K. Dobbins","RB","DEN","10","-","-","112.7","12","9.39","11","0","0","0","0","0","140.9","660.1","4.8","14.6","11.9","46.3","0.3","-","-","-","-","-"
"170","Justice Hill","RB","BLT","13","-","-","112.6","15","7.51","11","0","0","0","0","0","74.2","350.2","2.3","39.2","31.9","242.1","1.4","-","-","-","-","-"
"171","Rashod Bateman","WR","BLT","13","-","-","112.2","15","7.48","12","0","0","0","0","0","-","-","-","58.5","35.3","533.3","4.0","-","-","-","-","-"
"172","Kirk Cousins","QB","LV","13","-","-","111.7","7","15.95","11","241","158","1730","10.9","5","12.1","20.8","0.4","-","-","-","-","-","-","-","-","-"
"173","Gunnar Helm","TE","TEN","9","-","-","111.0","15","7.40","6","0","0","0","0","0","-","-","-","62.6","48.3","446.0","3.0","-","-","-","-","-"
"174","Ty Johnson","RB","BUF","7","-","-","108.6","15","7.24","11","0","0","0","0","0","57.9","253.1","2.1","36.8","29.7","297.3","2.0","-","-","-","-","-"
"175","Germie Bernard","WR","PIT","9","-","-","106.2","15","7.08","12","0","0","0","0","0","-","-","-","58.2","37.5","502.8","3.1","-","-","-","-","-"
"176","Tyrone Tracy Jr.","RB","NYG","8","-","-","106.0","15","7.07","11","0","0","0","0","0","105.2","446.8","2.0","30.4","25.2","187.5","1.0","-","-","-","-","-"
"177","Tyjae Spears","RB","TEN","9","-","-","105.3","14","7.52","11","0","0","0","0","0","92.5","390.9","2.2","33.0","27.8","208.4","0.8","-","-","-","-","-"
"178","Jaylin Noel","WR","HST","8","-","-","103.8","15","6.92","12","0","0","0","0","0","2.6","13.5","0.0","56.8","38.0","465.4","3.0","-","-","-","-","-"
"179","KaVontae Turpin","WR","DAL","14","-","-","102.0","15","6.80","12","0","0","0","0","0","15.5","90.1","0.4","44.3","30.6","430.8","2.9","-","-","-","-","-"
"180","Jonnu Smith","TE","FA","","-","-","101.5","15","6.77","7","0","0","0","0","0","13.0","48.5","0.9","45.6","35.0","401.5","2.7","-","-","-","-","-"
"181","Evan Engram","TE","DEN","10","-","-","99.8","15","6.66","7","0","0","0","0","0","0.7","2.9","0.0","61.4","43.2","432.9","2.2","-","-","-","-","-"
"182","Mike Gesicki","TE","CIN","6","-","-","98.2","15","6.55","7","0","0","0","0","0","-","-","-","55.5","40.2","391.2","3.2","-","-","-","-","-"
"183","Greg Dulcich","TE","MIA","6","-","-","97.2","12","8.10","7","0","0","0","0","0","-","-","-","49.0","36.6","447.9","2.7","-","-","-","-","-"
"184","Calvin Ridley","WR","TEN","9","-","-","96.8","15","6.45","13","0","0","0","0","0","-","-","-","54.7","31.2","489.2","2.8","-","-","-","-","-"
"185","Malik Washington","WR","MIA","6","-","-","95.9","15","6.39","13","0","0","0","0","0","9.3","54.9","0.3","55.8","40.5","353.7","2.1","-","-","-","-","-"
"186","Kaytron Allen","RB","WAS","7","-","-","94.9","15","6.32","12","0","0","0","0","0","124.9","530.0","3.2","14.2","11.8","96.0","0.5","-","-","-","-","-"
"187","Samaje Perine","RB","CIN","6","-","-","94.4","15","6.30","12","0","0","0","0","0","94.3","403.6","2.7","23.5","20.1","144.5","0.7","-","-","-","-","-"
"188","Michael Mayer","TE","LV","13","-","-","94.1","14","6.72","7","0","0","0","0","0","-","-","-","54.3","38.8","411.6","2.4","-","-","-","-","-"
"189","Colby Parkinson","TE","LA","11","-","-","94.0","15","6.26","7","0","0","0","0","0","-","-","-","46.0","34.4","373.0","3.7","-","-","-","-","-"
"190","Devaughn Vele","WR","NO","8","-","-","93.5","14","6.68","13","0","0","0","0","0","-","-","-","54.7","36.3","415.8","2.6","-","-","-","-","-"
"191","Keenan Allen","WR","LAC","7","-","-","92.4","14","6.60","13","0","0","0","0","0","-","-","-","59.7","40.2","375.8","2.5","-","-","-","-","-"
"192","Kendrick Bourne","WR","ARZ","14","-","-","91.6","15","6.10","13","0","0","0","0","0","0.9","5.1","0.0","49.3","31.9","443.0","2.5","-","-","-","-","-"
"193","Woody Marks","RB","HST","8","-","-","91.3","15","6.09","12","0","0","0","0","0","81.7","321.1","2.0","30.5","22.8","174.3","1.2","-","-","-","-","-"
"194","Brian Robinson","RB","ATL","11","-","-","90.8","15","6.05","12","0","0","0","0","0","117.5","465.9","3.2","17.8","14.5","87.4","0.4","-","-","-","-","-"
"195","Marvin Mims Jr.","WR","DEN","10","-","-","90.5","15","6.04","13","0","0","0","0","0","10.7","58.8","0.3","47.5","33.8","361.8","2.2","-","-","-","-","-"
"196","Chris Brooks","RB","GB","11","-","-","90.1","15","6.01","12","0","0","0","0","0","92.6","398.9","2.5","23.8","19.1","130.3","0.6","-","-","-","-","-"
"197","Zach Charbonnet","RB","SEA","11","-","-","88.8","9","9.86","12","0","0","0","0","0","87.4","356.2","4.3","17.1","14.2","101.9","0.6","-","-","-","-","-"
"198","Caleb Douglas","WR","MIA","6","-","-","87.8","15","5.85","13","0","0","0","0","0","-","-","-","49.9","31.6","437.5","2.1","-","-","-","-","-"
"199","Isaac TeSlaa","WR","DET","6","-","-","87.6","15","5.84","13","0","0","0","0","0","-","-","-","47.1","29.1","410.8","2.9","-","-","-","-","-"
"200","Keaton Mitchell","RB","LAC","7","-","-","86.7","14","6.19","12","0","0","0","0","0","89.6","406.1","2.3","19.0","15.4","140.1","0.5","-","-","-","-","-"
"201","Denzel Boston","WR","CLV","11","-","-","84.9","15","5.66","13","0","0","0","0","0","-","-","-","55.4","34.6","371.9","2.3","-","-","-","-","-"
"202","Darius Slayton","WR","NYG","8","-","-","84.4","15","5.63","13","0","0","0","0","0","-","-","-","45.8","27.7","422.5","2.4","-","-","-","-","-"
"203","Troy Franklin","WR","DEN","10","-","-","83.8","15","5.59","13","0","0","0","0","0","2.8","12.9","0.0","47.4","29.5","360.8","2.8","-","-","-","-","-"
"204","Ja'Tavion Sanders","TE","CAR","5","-","-","83.7","15","5.58","8","0","0","0","0","0","-","-","-","46.2","36.4","338.8","2.3","-","-","-","-","-"
"205","Darnell Mooney","WR","NYG","8","-","-","83.5","15","5.57","13","0","0","0","0","0","-","-","-","51.2","30.8","399.6","2.1","-","-","-","-","-"
"206","Cole Kmet","TE","CHI","10","-","-","81.8","15","5.45","8","0","0","0","0","0","-","-","-","47.4","33.5","325.3","2.6","-","-","-","-","-"
"207","Christian Kirk","WR","SF","8","-","-","79.8","15","5.32","14","0","0","0","0","0","-","-","-","45.5","30.0","370.6","2.2","-","-","-","-","-"
"208","Andrei Iosivas","WR","CIN","6","-","-","78.7","15","5.25","14","0","0","0","0","0","0.9","5.1","0.0","49.7","31.0","320.9","2.5","-","-","-","-","-"
"209","Theo Johnson","TE","NYG","8","-","-","78.1","14","5.58","8","0","0","0","0","0","-","-","-","42.7","29.3","340.2","2.5","-","-","-","-","-"
"210","Josh Palmer","WR","BUF","7","-","-","77.3","15","5.16","14","0","0","0","0","0","-","-","-","44.3","29.3","352.1","2.2","-","-","-","-","-"
"211","David Njoku","TE","LAC","7","-","-","77.2","14","5.52","8","0","0","0","0","0","-","-","-","44.2","32.8","294.5","2.5","-","-","-","-","-"
"212","Jonah Coleman","RB","DEN","10","-","-","77.1","15","5.14","13","0","0","0","0","0","67.6","286.7","2.1","24.2","19.6","132.8","0.6","-","-","-","-","-"
"213","Chris Bell","WR","MIA","6","-","-","76.9","13","5.92","14","0","0","0","0","0","-","-","-","43.2","28.3","379.1","1.8","-","-","-","-","-"
"214","Mike Washington Jr.","RB","LV","13","-","-","76.0","15","5.07","13","0","0","0","0","0","88.4","348.5","2.1","18.3","14.8","112.9","0.6","-","-","-","-","-"
"215","Pat Bryant","WR","DEN","10","-","-","75.4","15","5.03","14","0","0","0","0","0","-","-","-","41.7","27.2","361.0","2.0","-","-","-","-","-"
"216","Chris Rodriguez Jr.","RB","JAX","7","-","-","75.1","14","5.36","13","0","0","0","0","0","89.3","384.4","3.5","6.5","5.2","79.7","0.4","-","-","-","-","-"
"217","Kalif Raymond","WR","CHI","10","-","-","74.6","15","4.97","14","0","0","0","0","0","-","-","-","38.5","26.1","369.7","1.9","-","-","-","-","-"
"218","Zachariah Branch","WR","ATL","11","-","-","73.0","15","4.87","14","0","0","0","0","0","4.0","23.0","0.2","41.0","26.0","326.2","1.9","-","-","-","-","-"
"219","Olamide Zaccheaus","WR","ATL","11","-","-","71.9","15","4.79","14","0","0","0","0","0","-","-","-","50.7","32.2","284.5","1.9","-","-","-","-","-"
"220","Xavier Hutchinson","WR","HST","8","-","-","71.9","15","4.79","14","0","0","0","0","0","1.8","11.2","0.0","44.6","27.0","320.1","2.0","-","-","-","-","-"
"221","Jordan Mason","RB","MIN","6","-","-","71.3","14","5.09","13","0","0","0","0","0","91.3","415.1","3.5","7.1","5.9","28.4","0.1","-","-","-","-","-"
"222","Jahan Dotson","WR","ATL","11","-","-","71.2","15","4.75","14","0","0","0","0","0","-","-","-","48.3","28.3","314.3","1.9","-","-","-","-","-"
"223","Dawson Knox","TE","BUF","7","-","-","70.3","15","4.69","8","0","0","0","0","0","-","-","-","30.6","23.0","304.8","2.8","-","-","-","-","-"
"224","Alvin Kamara","RB","NO","8","-","-","70.2","10","7.02","13","0","0","0","0","0","79.4","296.0","1.5","20.8","17.3","117.3","0.4","-","-","-","-","-"
"225","De'Zhaun Stribling","WR","SF","8","-","-","69.8","15","4.66","14","0","0","0","0","0","-","-","-","39.5","25.8","323.2","2.0","-","-","-","-","-"
"226","Xavier Legette","WR","CAR","5","-","-","69.0","15","4.60","14","0","0","0","0","0","2.5","13.3","0.0","47.6","28.6","273.3","2.0","-","-","-","-","-"
"227","Tyler Higbee","TE","LA","11","-","-","68.9","14","4.92","8","0","0","0","0","0","-","-","-","40.0","28.8","266.8","2.3","-","-","-","-","-"
"228","Tre Harris","WR","LAC","7","-","-","68.6","15","4.58","14","0","0","0","0","0","2.4","14.0","0.1","35.2","23.7","318.3","1.9","-","-","-","-","-"
"229","DJ Giddens","RB","IND","13","-","-","68.6","15","4.57","13","0","0","0","0","0","74.4","308.0","1.8","16.3","13.2","110.5","0.5","-","-","-","-","-"
"230","LeQuint Allen Jr.","RB","JAX","7","-","-","68.4","15","4.56","13","0","0","0","0","0","39.1","154.9","0.9","30.6","25.1","180.1","0.8","-","-","-","-","-"
"231","Isaiah Davis","RB","NYJ","13","-","-","68.3","14","4.88","13","0","0","0","0","0","58.9","262.4","1.3","19.0","15.7","151.3","0.6","-","-","-","-","-"
"232","Chris Brazzell II","WR","CAR","5","-","-","68.3","15","4.55","14","0","0","0","0","0","-","-","-","37.7","23.5","337.3","1.9","-","-","-","-","-"
"233","Nick Westbrook-Ikhine","WR","IND","13","-","-","66.9","15","4.46","14","0","0","0","0","0","-","-","-","45.8","27.9","281.6","1.8","-","-","-","-","-"
"234","Matthew Hibner","TE","BLT","13","-","-","66.4","15","4.43","9","0","0","0","0","0","-","-","-","35.2","26.0","267.9","2.3","-","-","-","-","-"
"235","Demond Claiborne","RB","MIN","6","-","-","65.4","15","4.36","13","0","0","0","0","0","73.1","310.2","1.9","13.6","11.2","103.0","0.4","-","-","-","-","-"
"236","Chimere Dike","WR","TEN","9","-","-","65.0","15","4.34","14","0","0","0","0","0","9.8","38.6","0.3","32.6","21.1","261.1","2.0","-","-","-","-","-"
"237","Tyler Allgeier","RB","ARZ","14","-","-","64.3","15","4.29","13","0","0","0","0","0","89.9","380.3","2.9","5.4","4.4","39.8","0.1","-","-","-","-","-"
"238","Emmett Johnson","RB","KC","5","-","-","64.3","15","4.29","13","0","0","0","0","0","70.4","298.7","1.9","13.7","11.1","98.1","0.6","-","-","-","-","-"
"239","Jaylen Wright","RB","MIA","6","-","-","63.7","14","4.55","13","0","0","0","0","0","65.4","270.5","1.7","17.9","14.4","98.1","0.5","-","-","-","-","-"
"240","Elijah Sarratt","WR","BLT","13","-","-","63.7","10","6.37","15","0","0","0","0","0","-","-","-","34.5","22.5","309.4","1.7","-","-","-","-","-"
"241","Zavion Thomas","WR","CHI","10","-","-","63.3","15","4.22","15","0","0","0","0","0","11.8","68.4","0.2","29.9","18.6","279.4","1.5","-","-","-","-","-"
"242","Colbie Young","WR","CIN","6","-","-","63.3","15","4.22","15","0","0","0","0","0","-","-","-","35.0","22.2","298.9","1.9","-","-","-","-","-"
"243","George Holani","RB","SEA","11","-","-","63.2","13","4.86","13","0","0","0","0","0","51.7","209.7","1.2","22.1","18.3","133.3","0.6","-","-","-","-","-"
"244","Jordan James","RB","SF","8","-","-","62.9","15","4.19","13","0","0","0","0","0","73.6","318.6","1.8","11.6","9.7","87.2","0.4","-","-","-","-","-"
"245","Jalen Royals","WR","KC","5","-","-","62.5","15","4.17","15","0","0","0","0","0","-","-","-","36.5","23.9","269.0","2.0","-","-","-","-","-"
"246","Jack Bech","WR","LV","13","-","-","62.3","15","4.16","15","0","0","0","0","0","-","-","-","36.0","22.9","295.9","1.7","-","-","-","-","-"
"247","DeMario Douglas","WR","NE","11","-","-","62.3","15","4.15","15","0","0","0","0","0","3.6","18.8","0.0","29.1","20.1","310.0","1.6","-","-","-","-","-"
"248","Noah Gray","TE","KC","5","-","-","62.0","15","4.13","9","0","0","0","0","0","-","-","-","36.9","27.8","254.3","1.5","-","-","-","-","-"
"249","Tutu Atwell","WR","MIA","6","-","-","61.4","14","4.39","15","0","0","0","0","0","-","-","-","32.2","20.0","319.7","1.6","-","-","-","-","-"
"250","Anthony Richardson","QB","IND","13","-","-","60.9","4","15.23","12","112","61","755","3.7","4","24.0","127.4","1.3","-","-","-","-","-","-","-","-","-"
"251","Tyquan Thornton","WR","KC","5","-","-","60.5","15","4.04","15","0","0","0","0","0","-","-","-","35.1","19.1","301.4","1.9","-","-","-","-","-"
"252","Terrance Ferguson","TE","LA","11","-","-","60.5","15","4.03","9","0","0","0","0","0","-","-","-","33.2","21.3","257.3","2.3","-","-","-","-","-"
"253","Ja'Kobi Lane","WR","BLT","13","-","-","60.5","15","4.03","15","0","0","0","0","0","-","-","-","31.3","19.9","306.9","1.7","-","-","-","-","-"
"254","Darnell Washington","TE","PIT","9","-","-","58.4","15","3.90","9","0","0","0","0","0","-","-","-","31.8","23.9","243.8","1.7","-","-","-","-","-"
"255","Keon Coleman","WR","BUF","7","-","-","58.1","15","3.88","15","0","0","0","0","0","-","-","-","33.3","20.4","270.4","1.8","-","-","-","-","-"
"256","Greg Dortch","WR","DET","6","-","-","57.6","12","4.80","15","0","0","0","0","0","2.4","14.0","0.0","34.9","24.6","230.9","1.4","-","-","-","-","-"
"257","Calvin Austin III","WR","NYG","8","-","-","57.2","15","3.81","15","0","0","0","0","0","-","-","-","35.3","22.1","255.6","1.6","-","-","-","-","-"
"258","Tez Johnson","WR","TB","10","-","-","57.2","15","3.81","15","0","0","0","0","0","6.5","32.3","0.1","31.6","20.8","220.5","1.8","-","-","-","-","-"
"259","Elijah Arroyo","TE","SEA","11","-","-","56.8","15","3.79","9","0","0","0","0","0","-","-","-","32.2","23.9","239.5","1.5","-","-","-","-","-"
"260","Kayshon Boutte","WR","NE","11","-","-","56.7","15","3.78","15","0","0","0","0","0","-","-","-","28.2","18.2","286.2","1.7","-","-","-","-","-"
"261","Malachi Fields","WR","NYG","8","-","-","56.5","15","3.77","15","0","0","0","0","0","-","-","-","33.6","21.7","256.6","1.6","-","-","-","-","-"
"262","Jacory Croskey-Merritt","RB","WAS","7","-","-","56.4","15","3.76","14","0","0","0","0","0","82.2","347.5","1.9","6.0","4.6","45.3","0.2","-","-","-","-","-"
"263","Tommy Tremble","TE","CAR","5","-","-","55.9","14","3.99","9","0","0","0","0","0","-","-","-","30.4","22.9","224.4","1.8","-","-","-","-","-"
"264","James Conner","RB","ARZ","14","-","-","55.7","15","3.71","14","0","0","0","0","0","47.7","203.5","1.5","15.8","13.5","115.6","0.3","-","-","-","-","-"
"265","Elic Ayomanor","WR","TEN","9","-","-","55.6","15","3.71","15","0","0","0","0","0","-","-","-","36.4","21.0","242.4","1.7","-","-","-","-","-"
"266","Daniel Bellinger","TE","TEN","9","-","-","54.5","15","3.63","9","0","0","0","0","0","-","-","-","28.5","22.0","238.8","1.5","-","-","-","-","-"
"267","Tory Horton","WR","SEA","11","-","-","54.4","14","3.89","15","0","0","0","0","0","-","-","-","29.2","18.0","276.5","1.5","-","-","-","-","-"
"268","Treylon Burks","WR","WAS","7","-","-","54.3","10","5.43","15","0","0","0","0","0","-","-","-","35.0","20.0","239.4","1.7","-","-","-","-","-"
"269","Ollie Gordon II","RB","MIA","6","-","-","54.0","15","3.60","14","0","0","0","0","0","54.4","193.0","1.7","15.8","12.9","90.9","0.5","-","-","-","-","-"
"270","Noah Fant","TE","NO","8","-","-","53.6","15","3.57","9","0","0","0","0","0","-","-","-","29.4","23.2","226.2","1.3","-","-","-","-","-"
"271","Oscar Delp","TE","NO","8","-","-","52.9","15","3.53","9","0","0","0","0","0","-","-","-","29.3","21.6","231.3","1.4","-","-","-","-","-"
"272","Jake Tonges","TE","SF","8","-","-","52.4","15","3.49","9","0","0","0","0","0","-","-","-","26.2","19.4","208.8","2.0","-","-","-","-","-"
"273","Eli Stowers","TE","PHI","10","-","-","51.5","15","3.43","9","0","0","0","0","0","-","-","-","30.2","22.2","191.6","1.7","-","-","-","-","-"
"274","Ted Hurst III","WR","TB","10","-","-","51.0","15","3.40","15","0","0","0","0","0","-","-","-","27.3","17.3","235.8","1.7","-","-","-","-","-"
"275","Bryce Lance","WR","NO","8","-","-","50.7","15","3.38","15","0","0","0","0","0","-","-","-","35.1","21.9","211.1","1.3","-","-","-","-","-"
"276","Mason Taylor","TE","NYJ","13","-","-","50.0","15","3.34","10","0","0","0","0","0","-","-","-","27.7","20.8","220.8","1.2","-","-","-","-","-"
"277","Ray Davis","RB","BUF","7","-","-","49.8","15","3.32","14","0","0","0","0","0","55.9","240.5","1.5","8.9","7.3","74.7","0.4","-","-","-","-","-"
"278","Austin Hooper","TE","ATL","11","-","-","49.6","15","3.31","10","0","0","0","0","0","-","-","-","27.2","20.2","214.9","1.3","-","-","-","-","-"
"279","Skyler Bell","WR","BUF","7","-","-","49.3","15","3.29","15","0","0","0","0","0","-","-","-","25.9","16.2","242.8","1.5","-","-","-","-","-"
"280","Jaydon Blue","RB","DAL","14","-","-","48.5","10","4.85","14","0","0","0","0","0","53.9","232.0","1.4","11.2","9.2","58.7","0.4","-","-","-","-","-"
"281","Tanner Hudson","TE","CIN","6","-","-","48.2","15","3.21","10","0","0","0","0","0","-","-","-","24.1","18.4","209.6","1.5","-","-","-","-","-"
"282","Elijah Higgins","TE","ARZ","14","-","-","48.2","15","3.21","10","0","0","0","0","0","-","-","-","19.9","15.4","261.0","1.1","-","-","-","-","-"
"283","Jaylin Lane","WR","WAS","7","-","-","48.2","15","3.21","16","0","0","0","0","0","1.8","10.7","0.0","27.7","17.7","218.6","1.3","-","-","-","-","-"
"284","Mack Hollins","WR","NE","11","-","-","47.9","15","3.19","16","0","0","0","0","0","-","-","-","24.4","16.2","236.3","1.4","-","-","-","-","-"
"285","Roman Wilson","WR","PIT","9","-","-","47.8","14","3.41","16","0","0","0","0","0","-","-","-","30.7","18.5","208.4","1.4","-","-","-","-","-"
"286","J.J. McCarthy","QB","MIN","6","-","-","47.5","3","15.84","12","93","58","652","4.1","3","12.0","59.0","0.4","-","-","-","-","-","-","-","-","-"
"287","Kevin Coleman Jr.","WR","MIA","6","-","-","47.5","14","3.39","16","0","0","0","0","0","-","-","-","30.4","19.9","201.9","1.3","-","-","-","-","-"
"288","Travis Hunter","WR","JAX","7","-","-","47.0","14","3.36","16","0","0","0","0","0","2.4","12.9","0.1","24.6","15.9","208.2","1.4","-","-","-","-","-"
"289","Justin Fields","QB","KC","5","-","-","46.8","2.5","18.73","12","76","48","523","3.0","2","19.3","122.4","0.8","-","-","-","-","-","-","-","-","-"
"290","Kyle Juszczyk","RB","SF","8","-","-","46.8","15","3.12","14","0","0","0","0","0","4.4","11.7","0.1","23.1","18.8","196.8","1.1","-","-","-","-","-"
"291","Savion Williams","WR","GB","11","-","-","46.6","14","3.33","16","0","0","0","0","0","11.2","51.7","0.1","17.5","11.6","202.9","1.5","-","-","-","-","-"
"292","Braelon Allen","RB","NYJ","13","-","-","46.5","14","3.32","14","0","0","0","0","0","60.3","257.5","1.7","7.0","5.8","39.2","0.2","-","-","-","-","-"
"293","Luke Musgrave","TE","GB","11","-","-","46.5","14","3.32","10","0","0","0","0","0","-","-","-","30.4","23.0","181.0","0.9","-","-","-","-","-"
"294","Tank Bigsby","RB","PHI","10","-","-","45.1","15","3.01","14","0","0","0","0","0","53.1","230.7","1.8","7.5","6.1","40.4","0.2","-","-","-","-","-"
"295","Eli Raridon","TE","NE","11","-","-","45.1","15","3.01","10","0","0","0","0","0","-","-","-","27.0","20.2","160.6","1.5","-","-","-","-","-"
"296","Luke McCaffrey","WR","WAS","7","-","-","45.0","15","3.00","16","0","0","0","0","0","-","-","-","27.4","18.5","181.8","1.4","-","-","-","-","-"
"297","Malik Davis","RB","DAL","14","-","-","44.1","15","2.94","14","0","0","0","0","0","44.6","191.7","1.2","12.7","10.1","53.7","0.4","-","-","-","-","-"
"298","Jalen Tolbert","WR","MIA","6","-","-","43.8","14","3.13","16","0","0","0","0","0","-","-","-","23.9","14.9","211.4","1.3","-","-","-","-","-"
"299","Cyrus Allen","WR","KC","5","-","-","42.2","15","2.81","16","0","0","0","0","0","-","-","-","22.8","14.0","202.8","1.3","-","-","-","-","-"
"300","Josh Oliver","TE","MIN","6","-","-","41.1","15","2.74","10","0","0","0","0","0","-","-","-","23.6","18.0","157.3","1.3","-","-","-","-","-"
"301","Shedeur Sanders","QB","CLV","11","-","-","41.1","3","13.70","13","93","55","617","3.4","4","8.6","58.5","0.2","-","-","-","-","-","-","-","-","-"
"302","Marquise Brown","WR","PHI","10","-","-","40.9","14","2.92","16","0","0","0","0","0","-","-","-","23.8","15.2","190.4","1.1","-","-","-","-","-"
"303","Jordan Whittington","WR","LA","11","-","-","40.8","15","2.72","16","0","0","0","0","0","2.7","13.3","0.1","20.0","14.7","185.3","1.0","-","-","-","-","-"
"304","Trevor Etienne","RB","CAR","5","-","-","40.4","15","2.69","15","0","0","0","0","0","30.8","130.3","0.7","14.9","12.2","82.8","0.5","-","-","-","-","-"
"305","Jameis Winston","QB","NYG","8","-","-","40.3","2.5","16.13","13","86","53","617","3.8","3","7.5","29.1","0.1","-","-","-","-","-","-","-","-","-"
"306","Nicholas Singleton","RB","TEN","9","-","-","40.3","15","2.69","15","0","0","0","0","0","38.4","155.0","0.8","11.5","9.4","84.6","0.4","-","-","-","-","-"
"307","Tahj Brooks","RB","CIN","6","-","-","40.2","15","2.68","15","0","0","0","0","0","47.0","190.2","1.3","7.0","5.9","59.6","0.3","-","-","-","-","-"
"308","Konata Mumpfield","WR","LA","11","-","-","40.1","15","2.68","16","0","0","0","0","0","-","-","-","22.5","13.2","204.2","1.1","-","-","-","-","-"
"309","Charlie Kolar","TE","LAC","7","-","-","40.1","15","2.67","10","0","0","0","0","0","-","-","-","17.9","13.4","188.3","1.3","-","-","-","-","-"
"310","Drew Sample","TE","CIN","6","-","-","39.7","15","2.65","10","0","0","0","0","0","-","-","-","22.4","17.6","156.4","1.1","-","-","-","-","-"
"311","Seydou Traore","TE","MIA","6","-","-","39.6","15","2.64","10","0","0","0","0","0","-","-","-","21.1","15.8","162.6","1.3","-","-","-","-","-"
"312","Emanuel Wilson","RB","SEA","11","-","-","39.5","13","3.04","15","0","0","0","0","0","44.8","178.2","1.1","9.3","7.7","56.4","0.3","-","-","-","-","-"
"313","Brashard Smith","RB","KC","5","-","-","39.1","15","2.60","15","0","0","0","0","0","19.0","72.4","0.4","17.4","14.0","118.6","0.6","-","-","-","-","-"
"314","Joe Royer","TE","CLV","11","-","-","38.8","15","2.59","10","0","0","0","0","0","-","-","-","22.2","16.3","149.8","1.3","-","-","-","-","-"
"315","Isaiah Bond","WR","CLV","11","-","-","38.7","15","2.58","16","0","0","0","0","0","4.2","24.1","0.0","20.1","11.7","192.8","0.9","-","-","-","-","-"
"316","Van Jefferson","WR","WAS","7","-","-","38.0","15","2.53","16","0","0","0","0","0","-","-","-","25.3","14.9","172.8","1.0","-","-","-","-","-"
"317","Carson Beck","QB","ARZ","14","-","-","37.9","3","12.64","13","92","55","568","2.9","3","10.8","55.0","0.3","-","-","-","-","-","-","-","-","-"
"318","Devin Singletary","RB","NYG","8","-","-","37.8","15","2.52","15","0","0","0","0","0","51.7","194.3","1.1","7.4","6.2","49.8","0.1","-","-","-","-","-"
"319","Tank Dell","WR","HST","8","-","-","37.3","9","4.14","16","0","0","0","0","0","-","-","-","22.0","13.9","161.3","1.2","-","-","-","-","-"
"320","Isaiah Williams","WR","NYJ","13","-","-","36.8","14","2.63","16","0","0","0","0","0","1.6","9.3","0.0","21.8","16.0","141.1","1.0","-","-","-","-","-"
"321","Kaelon Black","RB","SF","8","-","-","36.5","15","2.43","15","0","0","0","0","0","42.0","178.1","0.9","8.3","6.9","55.5","0.2","-","-","-","-","-"
"322","Marcus Mariota","QB","WAS","7","-","-","36.2","2","18.08","13","63","39","466","2.9","2","10.4","59.4","0.4","-","-","-","-","-","-","-","-","-"
"323","Mo Alie-Cox","TE","IND","13","-","-","35.9","15","2.39","10","0","0","0","0","0","-","-","-","21.3","15.3","132.1","1.2","-","-","-","-","-"
"324","Xavier Smith","WR","LA","11","-","-","35.5","15","2.37","16","0","0","0","0","0","-","-","-","19.1","12.7","177.7","0.8","-","-","-","-","-"
"325","Kimani Vidal","RB","LAC","7","-","-","34.9","14","2.49","15","0","0","0","0","0","34.7","111.1","0.8","11.8","9.6","72.9","0.4","-","-","-","-","-"
"326","Will Shipley","RB","PHI","10","-","-","34.6","15","2.31","15","0","0","0","0","0","25.1","103.0","0.5","12.9","10.6","87.3","0.4","-","-","-","-","-"
"327","Ashton Dulin","WR","IND","13","-","-","34.5","15","2.30","16","0","0","0","0","0","3.9","24.5","0.0","16.1","10.1","172.8","0.8","-","-","-","-","-"
"328","Ben Sinnott","TE","WAS","7","-","-","34.4","15","2.30","10","0","0","0","0","0","-","-","-","18.0","13.5","138.9","1.2","-","-","-","-","-"
"329","MarShawn Lloyd","RB","GB","11","-","-","34.3","6","5.72","15","0","0","0","0","0","32.0","136.9","0.8","9.4","7.6","62.8","0.3","-","-","-","-","-"
"330","Luke Schoonmaker","TE","DAL","14","-","-","34.2","15","2.28","10","0","0","0","0","0","-","-","-","19.2","14.1","133.8","1.1","-","-","-","-","-"
"331","Tip Reiman","TE","ARZ","14","-","-","34.1","15","2.28","10","0","0","0","0","0","-","-","-","14.6","10.7","163.0","1.2","-","-","-","-","-"
"332","John Metchie III","WR","CAR","5","-","-","33.9","14","2.42","16","0","0","0","0","0","-","-","-","23.9","16.4","129.4","0.8","-","-","-","-","-"
"333","Brock Wright","TE","DET","6","-","-","33.4","15","2.22","10","0","0","0","0","0","-","-","-","19.2","14.8","121.3","1.1","-","-","-","-","-"
"334","Tyson Bagent","QB","CHI","10","-","-","33.3","2","16.67","13","64","42","444","2.7","1","8.6","45.8","0.3","-","-","-","-","-","-","-","-","-"
"335","Tanner McKee","QB","PHI","10","-","-","33.3","2","16.67","13","72","45","495","3.1","2","5.9","22.3","0.1","-","-","-","-","-","-","-","-","-"
"336","Cedric Tillman","WR","CLV","11","-","-","32.8","13","2.52","17","0","0","0","0","0","-","-","-","19.5","12.1","160.2","0.8","-","-","-","-","-"
"337","Josh Johnson","QB","CIN","6","-","-","32.7","2","16.35","13","66","42","468","2.7","2","7.1","39.1","0.3","-","-","-","-","-","-","-","-","-"
"338","Joe Milton III","QB","DAL","14","-","-","32.5","2","16.24","13","59","38","426","2.4","2","10.2","56.6","0.4","-","-","-","-","-","-","-","-","-"
"339","Max Klare","TE","LA","11","-","-","32.3","15","2.15","10","0","0","0","0","0","-","-","-","18.3","13.0","128.1","1.1","-","-","-","-","-"
"340","Justin Joly","TE","DEN","10","-","-","32.2","15","2.15","10","0","0","0","0","0","-","-","-","16.9","12.3","136.8","1.1","-","-","-","-","-"
"341","Mac Jones","QB","SF","8","-","-","31.9","2","15.97","13","65","43","460","3.0","2","6.0","20.1","0.2","-","-","-","-","-","-","-","-","-"
"342","Emari Demercado","RB","KC","5","-","-","31.8","10","3.18","15","0","0","0","0","0","25.8","106.9","0.6","10.3","8.1","70.4","0.4","-","-","-","-","-"
"343","Sam Roush","TE","CHI","10","-","-","31.4","15","2.09","10","0","0","0","0","0","-","-","-","18.4","13.2","121.3","1.0","-","-","-","-","-"
"344","Mitchell Trubisky","QB","TEN","9","-","-","30.4","2","15.18","13","66","43","458","2.7","2","6.5","26.3","0.2","-","-","-","-","-","-","-","-","-"
"345","Rasheen Ali","RB","BLT","13","-","-","30.1","14","2.15","15","0","0","0","0","0","15.6","68.2","0.3","11.5","9.3","92.0","0.5","-","-","-","-","-"
"346","Jake Browning","QB","TB","10","-","-","30.1","2","15.06","13","64","42","453","2.9","2","5.8","25.3","0.1","-","-","-","-","-","-","-","-","-"
"347","Nate Boerkircher","TE","JAX","7","-","-","30.0","15","2.00","10","0","0","0","0","0","-","-","-","16.2","12.0","120.1","1.0","-","-","-","-","-"
"348","John Bates","TE","WAS","7","-","-","29.8","15","1.99","10","0","0","0","0","0","-","-","-","16.2","12.2","117.6","1.0","-","-","-","-","-"
"349","Tyrod Taylor","QB","GB","11","-","-","29.8","2","14.90","13","55","34","375","2.1","2","10.7","61.9","0.4","-","-","-","-","-","-","-","-","-"
"350","Nick Mullens","QB","JAX","7","-","-","29.3","2","14.65","13","64","42","466","2.8","3","4.4","13.3","0.2","-","-","-","-","-","-","-","-","-"
"351","Trey Lance","QB","LAC","7","-","-","29.3","2","14.64","13","58","34","373","1.8","2","13.0","70.7","0.3","-","-","-","-","-","-","-","-","-"
"352","Sean Tucker","RB","TB","10","-","-","29.3","14","2.09","15","0","0","0","0","0","35.3","147.1","1.2","5.0","3.9","25.7","0.2","-","-","-","-","-"
"353","Spencer Rattler","QB","NO","8","-","-","29.2","2","14.59","13","70","45","453","2.2","2","7.3","35.4","0.1","-","-","-","-","-","-","-","-","-"
"354","Cade Stover","TE","HST","8","-","-","29.1","15","1.94","10","0","0","0","0","0","-","-","-","19.5","14.6","99.8","0.8","-","-","-","-","-"
"355","Zavier Scott","RB","MIN","6","-","-","29.1","13","2.24","15","0","0","0","0","0","27.1","109.0","0.5","8.9","7.3","63.3","0.3","-","-","-","-","-"
"356","Teddy Bridgewater","QB","DET","6","-","-","29.1","2","14.54","13","64","41","448","2.6","1","4.5","17.5","0.1","-","-","-","-","-","-","-","-","-"
"357","Reggie Virgil","WR","ARZ","14","-","-","28.1","15","1.88","17","0","0","0","0","0","-","-","-","18.2","11.4","125.8","0.7","-","-","-","-","-"
"358","Adam Trautman","TE","DEN","10","-","-","27.9","15","1.86","10","0","0","0","0","0","-","-","-","14.2","10.7","121.2","0.9","-","-","-","-","-"
"359","Marlin Klein","TE","HST","8","-","-","27.8","15","1.85","10","0","0","0","0","0","-","-","-","18.3","13.3","97.2","0.8","-","-","-","-","-"
"360","Bo Melton","WR","GB","11","-","-","27.7","13","2.13","17","0","0","0","0","0","4.7","30.6","0.0","17.9","10.1","101.4","0.7","-","-","-","-","-"
"361","Deion Burks","WR","IND","13","-","-","27.6","14","1.97","17","0","0","0","0","0","-","-","-","14.6","9.6","143.4","0.6","-","-","-","-","-"
"362","Davis Mills","QB","HST","8","-","-","27.6","2","13.78","13","66","41","424","2.5","2","4.8","18.9","0.1","-","-","-","-","-","-","-","-","-"
"363","Jawhar Jordan","RB","HST","8","-","-","27.5","15","1.83","15","0","0","0","0","0","36.5","154.4","0.7","4.8","3.8","30.8","0.2","-","-","-","-","-"
"364","Jarrett Stidham","QB","DEN","10","-","-","27.5","2","13.75","13","59","36","387","2.1","2","9.3","41.8","0.3","-","-","-","-","-","-","-","-","-"
"365","Drew Lock","QB","SEA","11","-","-","27.3","2","13.63","13","62","39","438","2.3","2","5.0","23.7","0.1","-","-","-","-","-","-","-","-","-"
"366","Trey Benson","RB","ARZ","14","-","-","27.2","10","2.72","15","0","0","0","0","0","14.4","58.4","0.3","12.8","10.9","72.5","0.2","-","-","-","-","-"
"367","Jimmy Horn Jr.","WR","CAR","5","-","-","27.1","14","1.94","17","0","0","0","0","0","6.0","37.8","0.0","13.7","9.0","104.7","0.6","-","-","-","-","-"
"368","Quinn Ewers","QB","MIA","6","-","-","27.0","2","13.52","13","61","40","437","2.4","2","5.0","18.0","0.1","-","-","-","-","-","-","-","-","-"
"369","Kenny Pickett","QB","CAR","5","-","-","27.0","2","13.49","13","62","40","402","2.4","2","5.7","25.8","0.1","-","-","-","-","-","-","-","-","-"
"370","Erick All","TE","CIN","6","-","-","26.9","8","3.36","10","0","0","0","0","0","-","-","-","13.3","10.2","114.1","0.9","-","-","-","-","-"
"371","Kendre Miller","RB","NO","8","-","-","26.5","10","2.65","15","0","0","0","0","0","27.2","112.0","0.5","6.9","5.8","52.0","0.2","-","-","-","-","-"
"372","Dont'e Thornton Jr.","WR","LV","13","-","-","26.4","15","1.76","17","0","0","0","0","0","-","-","-","16.2","10.0","125.2","0.7","-","-","-","-","-"
"373","Ty Simpson","QB","LA","11","-","-","26.4","2","13.21","13","60","37","398","2.3","2","4.5","27.1","0.1","-","-","-","-","-","-","-","-","-"
"374","Josh Whyle","TE","GB","11","-","-","26.1","15","1.74","10","0","0","0","0","0","-","-","-","15.9","11.9","93.4","0.8","-","-","-","-","-"
"375","Mitchell Tinsley","WR","CIN","6","-","-","25.9","15","1.72","17","0","0","0","0","0","-","-","-","15.5","9.6","111.0","0.9","-","-","-","-","-"
"376","Will Howard","QB","PIT","9","-","-","25.7","2","12.85","14","60","37","394","2.2","2","5.8","26.7","0.1","-","-","-","-","-","-","-","-","-"
"377","Dillon Gabriel","QB","CLV","11","-","-","24.7","2","12.36","14","64","40","376","2.1","2","4.4","28.6","0.1","-","-","-","-","-","-","-","-","-"
"378","Kyle Allen","QB","BUF","7","-","-","24.2","2","12.09","14","62","38","388","2.2","2","4.5","12.5","0.1","-","-","-","-","-","-","-","-","-"
"379","Eli Heidenreich","RB","PIT","9","-","-","24.2","15","1.61","16","0","0","0","0","0","17.7","75.0","0.4","9.3","7.6","56.9","0.2","-","-","-","-","-"
"380","Tommy DeVito","QB","NE","11","-","-","24.1","2","12.04","14","52","33","333","1.6","1","8.7","42.8","0.3","-","-","-","-","-","-","-","-","-"
"381","Devin Neal","RB","NO","8","-","-","23.5","12","1.96","16","0","0","0","0","0","24.2","95.1","0.5","7.1","5.8","43.6","0.1","-","-","-","-","-"
"382","Tyler Huntley","QB","BLT","13","-","-","23.3","2","11.66","14","45","29","294","1.3","1","11.4","58.8","0.3","-","-","-","-","-","-","-","-","-"
"383","Tyler Conklin","TE","DET","6","-","-","23.0","15","1.53","10","0","0","0","0","0","-","-","-","12.7","9.8","102.1","0.5","-","-","-","-","-"
"384","Hunter Luepke","RB","DAL","14","-","-","22.2","15","1.48","16","0","0","0","0","0","13.2","53.3","0.3","8.6","7.2","60.0","0.3","-","-","-","-","-"
"385","Brady Cook","QB","NYJ","13","-","-","21.8","2","10.88","14","63","38","386","1.7","2","5.4","19.5","0.1","-","-","-","-","-","-","-","-","-"
"386","Devontez Walker","WR","BLT","13","-","-","21.7","15","1.45","17","0","0","0","0","0","-","-","-","10.8","7.1","107.2","0.6","-","-","-","-","-"
"387","Mitchell Evans","TE","CAR","5","-","-","21.4","15","1.42","10","0","0","0","0","0","-","-","-","10.9","8.2","91.1","0.7","-","-","-","-","-"
"388","Dylan Laube","RB","LV","13","-","-","20.7","10","2.07","16","0","0","0","0","0","19.0","74.6","0.4","7.9","6.3","35.5","0.2","-","-","-","-","-"
"389","Roschon Johnson","RB","CHI","10","-","-","20.6","10","2.06","16","0","0","0","0","0","26.7","119.8","0.7","2.7","2.2","17.6","0.1","-","-","-","-","-"
"390","Durham Smythe","TE","BLT","13","-","-","20.5","15","1.37","10","0","0","0","0","0","-","-","-","10.5","7.9","90.4","0.6","-","-","-","-","-"
"391","Jerome Ford","RB","WAS","7","-","-","20.3","12","1.69","16","0","0","0","0","0","14.3","57.5","0.2","8.2","6.9","49.2","0.2","-","-","-","-","-"
"392","CJ Daniels","WR","LA","11","-","-","20.1","15","1.34","17","0","0","0","0","0","-","-","-","12.1","7.5","90.9","0.6","-","-","-","-","-"
"393","Brevyn Spann-Ford","TE","DAL","14","-","-","20.1","15","1.34","10","0","0","0","0","0","-","-","-","11.3","8.2","71.5","0.8","-","-","-","-","-"
"394","Jackson Hawes","TE","BUF","7","-","-","20.0","14","1.43","10","0","0","0","0","0","-","-","-","10.2","7.6","78.7","0.8","-","-","-","-","-"
"395","Jarquez Hunter","RB","LA","11","-","-","20.0","10","2.00","16","0","0","0","0","0","21.1","93.9","0.7","4.2","3.4","27.3","0.1","-","-","-","-","-"
"396","Raheim Sanders","RB","CLV","11","-","-","19.2","10","1.92","16","0","0","0","0","0","23.8","93.1","0.6","4.3","3.3","27.2","0.1","-","-","-","-","-"
"397","Ben Sims","TE","MIA","6","-","-","18.9","15","1.26","10","0","0","0","0","0","-","-","-","11.3","8.3","75.0","0.5","-","-","-","-","-"
"398","Tai Felton","WR","MIN","6","-","-","18.7","15","1.25","17","0","0","0","0","0","-","-","-","10.0","6.6","88.0","0.6","-","-","-","-","-"
"399","Alec Ingold","RB","LAC","7","-","-","18.4","15","1.23","16","0","0","0","0","0","3.4","7.6","0.1","10.4","8.5","70.8","0.3","-","-","-","-","-"
"400","Andrew Ogletree","TE","IND","13","-","-","18.3","15","1.22","10","0","0","0","0","0","-","-","-","8.6","6.2","74.0","0.8","-","-","-","-","-"
"401","Julian Hill","TE","NE","11","-","-","18.2","15","1.22","10","0","0","0","0","0","-","-","-","11.5","8.6","65.3","0.5","-","-","-","-","-"
"402","Kaleb Johnson","RB","PIT","9","-","-","18.1","14","1.29","16","0","0","0","0","0","25.1","100.6","0.4","3.6","2.9","22.5","0.1","-","-","-","-","-"
"403","Xavier Weaver","WR","ARZ","14","-","-","18.1","15","1.21","17","0","0","0","0","0","-","-","-","7.7","4.9","97.8","0.6","-","-","-","-","-"
"404","Arian Smith","WR","NYJ","13","-","-","18.0","15","1.20","17","0","0","0","0","0","2.5","13.4","0.0","10.1","6.5","72.0","0.5","-","-","-","-","-"
"405","Ben Yurosek","TE","MIN","6","-","-","17.9","15","1.19","10","0","0","0","0","0","-","-","-","14.9","11.0","42.9","0.5","-","-","-","-","-"
"406","Demarcus Robinson","WR","SF","8","-","-","17.8","13","1.37","17","0","0","0","0","0","-","-","-","11.0","6.9","83.1","0.4","-","-","-","-","-"
"407","Charlie Woerner","TE","ATL","11","-","-","17.4","15","1.16","10","0","0","0","0","0","-","-","-","8.0","6.0","84.1","0.5","-","-","-","-","-"
"408","Seth McGowan","RB","IND","13","-","-","17.1","15","1.14","16","0","0","0","0","0","18.9","80.2","0.6","3.6","2.9","22.6","0.1","-","-","-","-","-"
"409","Brenen Thompson","WR","LAC","7","-","-","17.0","15","1.13","17","0","0","0","0","0","-","-","-","9.4","5.8","83.6","0.5","-","-","-","-","-"
"410","Eric Saubert","TE","SEA","11","-","-","16.6","15","1.10","10","0","0","0","0","0","-","-","-","9.8","7.3","65.2","0.5","-","-","-","-","-"
"411","Davis Allen","TE","LA","11","-","-","15.3","15","1.02","10","0","0","0","0","0","-","-","-","8.7","6.4","53.7","0.6","-","-","-","-","-"
"412","KeAndre Lambert-Smith","WR","LAC","7","-","-","15.3","12","1.27","17","0","0","0","0","0","-","-","-","9.2","5.8","69.9","0.4","-","-","-","-","-"
"413","Kylen Granson","TE","TEN","9","-","-","15.2","15","1.01","10","0","0","0","0","0","-","-","-","8.9","6.7","55.1","0.5","-","-","-","-","-"
"414","Max Bredeson","RB","MIN","6","-","-","15.0","15","1.00","16","0","0","0","0","0","7.3","23.7","0.1","6.8","5.6","52.0","0.2","-","-","-","-","-"
"415","Adam Prentice","RB","DEN","10","-","-","14.9","15","1.00","16","0","0","0","0","0","6.1","22.4","0.1","7.5","6.1","47.0","0.2","-","-","-","-","-"
"416","Luke Farrell","TE","SF","8","-","-","14.9","15","0.99","10","0","0","0","0","0","-","-","-","7.6","5.8","63.9","0.5","-","-","-","-","-"
"417","Jack Stoll","TE","CLV","11","-","-","14.7","15","0.98","10","0","0","0","0","0","-","-","-","7.9","5.6","57.1","0.6","-","-","-","-","-"
"418","Malik Benson","WR","LV","13","-","-","14.5","15","0.96","17","0","0","0","0","0","-","-","-","9.1","5.6","66.7","0.4","-","-","-","-","-"
"419","Emmanuel Henderson Jr.","WR","SEA","11","-","-","14.4","15","0.96","17","0","0","0","0","0","-","-","-","6.4","4.0","75.5","0.5","-","-","-","-","-"
"420","Kyle Williams","WR","NE","11","-","-","14.2","15","0.95","17","0","0","0","0","0","1.4","7.5","0.0","7.3","4.3","62.3","0.5","-","-","-","-","-"
"421","Pierre Strong","RB","GB","11","-","-","14.1","12","1.17","16","0","0","0","0","0","16.0","68.4","0.4","3.3","2.6","19.2","0.1","-","-","-","-","-"
"422","Will Kacmarek","TE","MIA","6","-","-","14.0","15","0.93","10","0","0","0","0","0","-","-","-","7.7","5.7","54.8","0.5","-","-","-","-","-"
"423","Riley Leonard","QB","IND","13","-","-","13.9","1","13.86","14","34","21","216","1.2","1","2.4","13.3","0.1","-","-","-","-","-","-","-","-","-"
"424","Phil Mafah","RB","DAL","14","-","-","13.1","10","1.31","16","0","0","0","0","0","16.2","67.0","0.4","2.3","1.9","14.7","0.1","-","-","-","-","-"
"425","Mason Tipton","WR","NO","8","-","-","13.0","14","0.93","17","0","0","0","0","0","2.2","11.3","0.0","8.7","5.5","45.6","0.3","-","-","-","-","-"
"426","Brenden Bates","TE","CLV","11","-","-","13.0","8","1.62","10","0","0","0","0","0","-","-","-","7.2","5.1","53.4","0.4","-","-","-","-","-"
"427","Johnny Mundt","TE","PHI","10","-","-","13.0","15","0.86","10","0","0","0","0","0","0.8","4.0","0.0","6.8","5.2","49.9","0.4","-","-","-","-","-"
"428","Jonathan Mingo","WR","DAL","14","-","-","12.7","10","1.27","17","0","0","0","0","0","-","-","-","9.7","5.7","46.3","0.4","-","-","-","-","-"
"429","Casey Washington","WR","ATL","11","-","-","12.6","10","1.26","17","0","0","0","0","0","-","-","-","8.1","4.9","60.1","0.3","-","-","-","-","-"
"430","Tanner Koziol","TE","JAX","7","-","-","12.6","14","0.90","10","0","0","0","0","0","-","-","-","6.5","4.8","50.4","0.5","-","-","-","-","-"
"431","Marquez Valdes-Scantling","WR","DAL","14","-","-","12.5","6","2.08","17","0","0","0","0","0","1.0","5.3","0.0","6.6","4.2","50.4","0.4","-","-","-","-","-"
"432","Nate Adkins","TE","DEN","10","-","-","12.5","14","0.89","10","0","0","0","0","0","-","-","-","6.9","5.2","45.0","0.5","-","-","-","-","-"
"433","Jeremy Ruckert","TE","NYJ","13","-","-","12.0","15","0.80","10","0","0","0","0","0","-","-","-","6.5","5.0","52.9","0.3","-","-","-","-","-"
"434","Jahdae Walker","WR","CHI","10","-","-","11.8","14","0.84","17","0","0","0","0","0","-","-","-","5.6","3.6","62.3","0.3","-","-","-","-","-"
"435","Nate Carter","RB","ATL","11","-","-","11.8","5","2.36","16","0","0","0","0","0","14.5","64.2","0.4","1.9","1.5","13.7","0.1","-","-","-","-","-"
"436","Foster Moreau","TE","HST","8","-","-","11.6","14","0.83","10","0","0","0","0","0","-","-","-","7.3","5.4","42.0","0.3","-","-","-","-","-"
"437","Austin Trammell","WR","JAX","7","-","-","11.1","10","1.11","17","0","0","0","0","0","-","-","-","6.8","4.2","50.9","0.3","-","-","-","-","-"
"438","Payne Durham","TE","TB","10","-","-","11.1","15","0.74","10","0","0","0","0","0","-","-","-","6.4","4.5","39.7","0.4","-","-","-","-","-"
"439","Anthony Gould","WR","IND","13","-","-","10.9","10","1.09","17","0","0","0","0","0","-","-","-","6.2","4.1","53.9","0.2","-","-","-","-","-"
"440","Tyler Badie","RB","DEN","10","-","-","10.9","7","1.55","16","0","0","0","0","0","5.7","25.1","0.1","4.9","3.7","31.5","0.2","-","-","-","-","-"
"441","Tyrell Shavers","WR","BUF","7","-","-","10.7","5","2.13","17","0","0","0","0","0","-","-","-","5.3","3.5","53.0","0.3","-","-","-","-","-"
"442","Tylan Wallace","WR","CLV","11","-","-","10.5","14","0.75","17","0","0","0","0","0","-","-","-","5.3","3.2","55.3","0.3","-","-","-","-","-"
"443","Mecole Hardman","WR","BUF","7","-","-","10.5","10","1.05","17","0","0","0","0","0","2.4","14.2","0.0","5.3","3.5","39.9","0.2","-","-","-","-","-"
"444","Quintin Morris","TE","JAX","7","-","-","10.2","15","0.68","10","0","0","0","0","0","-","-","-","5.1","3.8","36.7","0.5","-","-","-","-","-"
"445","Kameron Johnson","WR","TB","10","-","-","10.1","10","1.01","17","0","0","0","0","0","-","-","-","6.2","3.5","47.2","0.3","-","-","-","-","-"
"446","Ja'Lynn Polk","WR","NO","8","-","-","10.1","13","0.78","17","0","0","0","0","0","-","-","-","6.3","4.2","41.9","0.3","-","-","-","-","-"
"447","Grant Calcaterra","TE","PHI","10","-","-","9.8","15","0.65","10","0","0","0","0","0","0.8","4.0","0.0","4.4","3.3","39.5","0.3","-","-","-","-","-"
"448","Myles Price","WR","MIN","6","-","-","9.7","14","0.69","17","0","0","0","0","0","-","-","-","5.6","3.6","39.5","0.4","-","-","-","-","-"
"449","Derius Davis","WR","LAC","7","-","-","9.5","12","0.79","17","0","0","0","0","0","5.5","32.7","0.2","2.7","1.8","23.2","0.2","-","-","-","-","-"
"450","Ben Skowronek","WR","PIT","9","-","-","9.5","14","0.68","17","0","0","0","0","0","-","-","-","6.8","4.4","37.2","0.2","-","-","-","-","-"
"451","Jordan Watkins","WR","SF","8","-","-","9.4","14","0.67","17","0","0","0","0","0","-","-","-","4.8","3.1","49.4","0.2","-","-","-","-","-"
"452","Dareke Young","WR","LV","13","-","-","9.3","10","0.93","17","0","0","0","0","0","-","-","-","5.4","3.4","45.0","0.2","-","-","-","-","-"
"453","Riley Nowakowski","TE","PIT","9","-","-","9.0","15","0.60","10","0","0","0","0","0","-","-","-","4.7","3.4","31.3","0.4","-","-","-","-","-"
"454","Andrew Beck","RB","NYJ","13","-","-","8.9","15","0.59","17","0","0","0","0","0","1.4","5.8","0.0","4.5","3.6","35.9","0.1","-","-","-","-","-"
"455","British Brooks","RB","HST","8","-","-","8.7","15","0.58","17","0","0","0","0","0","15.0","62.9","0.3","0.5","0.4","3.0","0.0","-","-","-","-","-"
"456","Lil'Jordan Humphrey","WR","DEN","10","-","-","8.6","10","0.86","17","0","0","0","0","0","-","-","-","4.9","3.1","36.0","0.3","-","-","-","-","-"
"457","Will Mallory","TE","IND","13","-","-","8.5","7","1.21","10","0","0","0","0","0","-","-","-","4.6","3.4","38.6","0.2","-","-","-","-","-"
"458","LaJohntay Wester","WR","BLT","13","-","-","8.5","14","0.61","17","0","0","0","0","0","-","-","-","3.7","2.3","42.9","0.3","-","-","-","-","-"
"459","Tim Patrick","WR","NYJ","13","-","-","8.3","5","1.67","17","0","0","0","0","0","0.8","4.7","0.0","3.6","2.2","36.8","0.3","-","-","-","-","-"
"460","Darius Cooper","WR","PHI","10","-","-","8.3","15","0.55","17","0","0","0","0","0","-","-","-","4.9","3.2","35.2","0.3","-","-","-","-","-"
"461","Teagan Quitoriano","TE","ARZ","14","-","-","8.3","10","0.83","10","0","0","0","0","0","-","-","-","4.5","3.3","32.7","0.3","-","-","-","-","-"
"462","Malachi Corley","WR","CLV","11","-","-","8.2","8","1.02","17","0","0","0","0","0","4.5","35.4","0.1","2.3","1.5","18.8","0.1","-","-","-","-","-"
"463","Jack Westover","TE","NE","11","-","-","7.9","15","0.53","10","0","0","0","0","0","-","-","-","5.0","3.7","20.1","0.4","-","-","-","-","-"
"464","Tim Jones","WR","JAX","7","-","-","7.7","10","0.77","17","0","0","0","0","0","-","-","-","4.5","2.9","35.2","0.2","-","-","-","-","-"
"465","Laquon Treadwell","WR","IND","13","-","-","7.7","10","0.77","17","0","0","0","0","0","-","-","-","4.6","3.0","36.9","0.2","-","-","-","-","-"
"466","Jeremy McNichols","RB","WAS","7","-","-","7.5","5","1.50","17","0","0","0","0","0","4.7","18.7","0.1","3.1","2.6","20.4","0.1","-","-","-","-","-"
"467","DeeJay Dallas","RB","JAX","7","-","-","7.5","10","0.75","17","0","0","0","0","0","7.0","28.8","0.1","1.8","1.5","17.2","0.1","-","-","-","-","-"
"468","Drake Dabney","TE","GB","11","-","-","7.3","7","1.04","10","0","0","0","0","0","0.4","1.9","0.0","3.6","2.5","27.5","0.3","-","-","-","-","-"
"469","C.J. Williams","WR","JAX","7","-","-","7.2","15","0.48","17","0","0","0","0","0","-","-","-","3.7","2.4","33.9","0.2","-","-","-","-","-"
"470","Robbie Ouzts","RB","SEA","11","-","-","7.1","15","0.47","17","0","0","0","0","0","0.7","2.0","0.0","3.4","2.8","28.8","0.2","-","-","-","-","-"
"471","Jared Wiley","TE","KC","5","-","-","6.9","10","0.69","10","0","0","0","0","0","-","-","-","3.5","2.6","28.6","0.3","-","-","-","-","-"
"472","Sione Vaki","RB","DET","6","-","-","6.6","10","0.66","17","0","0","0","0","0","5.5","21.9","0.2","1.5","1.2","17.6","0.1","-","-","-","-","-"
"473","Albert Okwuegbunam","TE","LV","13","-","-","6.6","5","1.32","10","0","0","0","0","0","-","-","-","3.6","2.7","28.3","0.2","-","-","-","-","-"
"474","Jalen Brooks","WR","ARZ","14","-","-","6.5","10","0.65","17","0","0","0","0","0","-","-","-","2.2","1.4","33.4","0.3","-","-","-","-","-"
"475","Kevin Austin Jr.","WR","NO","8","-","-","6.5","10","0.65","17","0","0","0","0","0","1.1","6.3","0.0","3.5","2.1","26.0","0.2","-","-","-","-","-"
"476","Jake Bobo","WR","SEA","11","-","-","6.4","14","0.46","17","0","0","0","0","0","-","-","-","2.4","1.6","34.2","0.2","-","-","-","-","-"
"477","Terrell Jennings","RB","NE","11","-","-","6.1","5","1.21","17","0","0","0","0","0","10.4","41.9","0.3","0.2","0.2","1.6","0.0","-","-","-","-","-"
"478","Dyami Brown","WR","WAS","7","-","-","5.9","14","0.42","17","0","0","0","0","0","-","-","-","3.3","1.9","28.3","0.2","-","-","-","-","-"
"479","Skyy Moore","WR","GB","11","-","-","5.4","7","0.77","17","0","0","0","0","0","-","-","-","2.5","1.5","29.8","0.2","-","-","-","-","-"
"480","Keleki Latu","TE","BUF","7","-","-","5.4","10","0.54","10","0","0","0","0","0","-","-","-","2.6","1.9","23.2","0.2","-","-","-","-","-"
"481","Colson Yankoff","TE","WAS","7","-","-","5.4","14","0.38","10","0","0","0","0","0","-","-","-","2.8","2.0","19.1","0.2","-","-","-","-","-"
"482","David Martin-Robinson","TE","TEN","9","-","-","5.2","15","0.35","10","0","0","0","0","0","-","-","-","3.4","2.5","15.1","0.2","-","-","-","-","-"
"483","Isaac Guerendo","RB","SF","8","-","-","5.2","5","1.03","17","0","0","0","0","0","2.5","11.1","0.1","2.1","1.8","15.9","0.1","-","-","-","-","-"
"484","Isaiah Hodgins","WR","NYG","8","-","-","5.1","10","0.51","17","0","0","0","0","0","-","-","-","2.7","1.7","23.6","0.2","-","-","-","-","-"
"485","AJ Dillon","RB","CAR","5","-","-","5.1","7","0.72","17","0","0","0","0","0","3.7","16.1","0.1","1.9","1.5","11.3","0.0","-","-","-","-","-"
"486","Kene Nwangwu","RB","NYJ","13","-","-","5.0","5","1.01","17","0","0","0","0","0","6.2","25.2","0.1","1.1","0.9","7.9","0.1","-","-","-","-","-"
"487","Patrick Ricard","RB","NYG","8","-","-","5.0","15","0.33","17","0","0","0","0","0","0.7","1.5","0.0","2.3","1.9","18.8","0.2","-","-","-","-","-"
"488","Jelani Woods","TE","NYJ","13","-","-","4.9","10","0.49","10","0","0","0","0","0","-","-","-","2.5","1.8","22.0","0.1","-","-","-","-","-"
"489","Joshua Simon","TE","ATL","11","-","-","4.9","10","0.49","10","0","0","0","0","0","-","-","-","1.5","1.1","26.5","0.2","-","-","-","-","-"
"490","Josh Cuevas","TE","BLT","13","-","-","4.8","14","0.35","10","0","0","0","0","0","-","-","-","1.8","1.3","20.6","0.2","-","-","-","-","-"
"491","Reggie Gilliam","RB","NE","11","-","-","4.7","15","0.31","17","0","0","0","0","0","1.5","2.8","0.0","2.3","1.9","17.9","0.1","-","-","-","-","-"
"492","Ty Chandler","RB","NO","8","-","-","4.5","10","0.45","17","0","0","0","0","0","7.8","30.3","0.1","0.5","0.4","2.4","0.0","-","-","-","-","-"
"493","Carter Runyon","TE","LV","13","-","-","4.4","10","0.44","10","0","0","0","0","0","-","-","-","2.5","1.8","17.3","0.1","-","-","-","-","-"
"494","Theo Wease Jr.","WR","MIA","6","-","-","4.3","5","0.85","17","0","0","0","0","0","-","-","-","2.1","1.4","21.7","0.1","-","-","-","-","-"
"495","Devin Duvernay","WR","ARZ","14","-","-","4.2","12","0.35","17","0","0","0","0","0","-","-","-","1.1","0.7","24.2","0.2","-","-","-","-","-"
"496","Jacob Saylors","RB","DET","6","-","-","4.2","10","0.42","17","0","0","0","0","0","1.5","6.6","0.0","1.7","1.4","14.6","0.1","-","-","-","-","-"
"497","Josh Williams","RB","TB","10","-","-","4.2","5","0.83","17","0","0","0","0","0","6.9","26.4","0.1","0.6","0.5","3.5","0.0","-","-","-","-","-"
"498","Ronnie Rivers","RB","LA","11","-","-","4.1","5","0.83","17","0","0","0","0","0","5.1","20.8","0.1","0.8","0.7","5.1","0.0","-","-","-","-","-"
"499","Brittain Brown","RB","CHI","10","-","-","4.0","5","0.80","17","0","0","0","0","0","4.3","19.5","0.1","0.8","0.6","6.7","0.0","-","-","-","-","-"
"500","Princeton Fant","TE","DAL","14","-","-","3.9","6","0.64","10","0","0","0","0","0","-","-","-","2.0","1.5","14.2","0.2","-","-","-","-","-"
"501","Nikko Remigio","WR","KC","5","-","-","3.9","10","0.39","17","0","0","0","0","0","-","-","-","2.6","1.6","16.6","0.1","-","-","-","-","-"
"502","Jacob Cowing","WR","SF","8","-","-","3.7","13","0.29","17","0","0","0","0","0","1.7","9.6","0.0","1.9","1.2","11.2","0.1","-","-","-","-","-"
"503","Hunter Long","TE","JAX","7","-","-","3.6","5","0.73","10","0","0","0","0","0","-","-","-","2.0","1.5","12.7","0.2","-","-","-","-","-"
"504","Beaux Collins","WR","NYG","8","-","-","3.6","10","0.36","17","0","0","0","0","0","-","-","-","1.7","1.1","18.0","0.1","-","-","-","-","-"
"505","Thomas Fidone II","TE","NYG","8","-","-","3.6","5","0.72","10","0","0","0","0","0","-","-","-","1.4","1.1","16.8","0.1","-","-","-","-","-"
"506","Jaret Patterson","RB","LAC","7","-","-","3.6","5","0.72","17","0","0","0","0","0","4.3","17.1","0.1","0.8","0.7","4.9","0.0","-","-","-","-","-"
"507","Jason Brownlee","WR","KC","5","-","-","3.6","5","0.71","17","0","0","0","0","0","-","-","-","2.4","1.5","14.4","0.1","-","-","-","-","-"
"508","Kaden Wetjen","WR","PIT","9","-","-","3.5","10","0.35","17","0","0","0","0","0","-","-","-","1.9","1.1","14.8","0.2","-","-","-","-","-"
"509","Scott Miller","WR","CHI","10","-","-","3.4","5","0.68","17","0","0","0","0","0","-","-","-","1.8","1.3","16.1","0.1","-","-","-","-","-"
"510","Michael Carter","RB","TEN","9","-","-","3.4","5","0.68","17","0","0","0","0","0","4.2","14.9","0.1","0.8","0.6","7.2","0.0","-","-","-","-","-"
"511","Frank Gore Jr.","RB","BUF","7","-","-","3.3","7","0.47","17","0","0","0","0","0","3.5","13.1","0.1","0.7","0.6","6.1","0.0","-","-","-","-","-"
"512","Chris Manhertz","TE","NYG","8","-","-","3.2","15","0.21","10","0","0","0","0","0","-","-","-","1.8","1.3","11.3","0.1","-","-","-","-","-"
"513","Damien Martinez","RB","GB","11","-","-","3.1","6","0.52","17","0","0","0","0","0","1.6","6.8","0.0","1.4","1.1","9.0","0.0","-","-","-","-","-"
"514","Gavin Bartholomew","TE","MIN","6","-","-","3.1","10","0.31","10","0","0","0","0","0","-","-","-","1.5","1.1","12.9","0.1","-","-","-","-","-"
"515","Dameon Pierce","RB","PHI","10","-","-","3.1","5","0.62","17","0","0","0","0","0","4.6","19.3","0.1","0.4","0.3","2.3","0.0","-","-","-","-","-"
"516","Kalel Mullings","RB","TEN","9","-","-","3.0","5","0.61","17","0","0","0","0","0","5.2","20.8","0.1","0.2","0.1","1.9","0.0","-","-","-","-","-"
"517","Chris Collier","RB","LV","13","-","-","2.9","5","0.59","17","0","0","0","0","0","4.7","18.6","0.1","0.3","0.2","1.9","0.0","-","-","-","-","-"
"518","Dylan Drummond","WR","ATL","11","-","-","2.8","10","0.28","17","0","0","0","0","0","-","-","-","1.8","1.2","12.7","0.1","-","-","-","-","-"
"519","Cameron Latu","TE","PHI","10","-","-","2.8","15","0.18","10","0","0","0","0","0","0.8","4.0","0.0","1.0","0.7","8.2","0.1","-","-","-","-","-"
"520","Messiah Swinson","TE","GB","11","-","-","2.7","7","0.39","10","0","0","0","0","0","-","-","-","1.4","1.0","11.7","0.1","-","-","-","-","-"
"521","Devin Culp","TE","TB","10","-","-","2.7","7","0.39","10","0","0","0","0","0","-","-","-","1.1","0.9","12.8","0.1","-","-","-","-","-"
"522","Mason Kinsey","WR","TEN","9","-","-","2.6","10","0.26","17","0","0","0","0","0","-","-","-","1.0","0.7","13.2","0.1","-","-","-","-","-"
"523","Jake Briningstool","TE","KC","5","-","-","2.6","5","0.51","10","0","0","0","0","0","-","-","-","1.5","1.1","9.3","0.1","-","-","-","-","-"
"524","Stephen Carlson","TE","CHI","10","-","-","2.5","10","0.25","10","0","0","0","0","0","-","-","-","1.1","0.8","11.7","0.1","-","-","-","-","-"
"525","Donovan Edwards","RB","MIA","6","-","-","2.5","8","0.31","17","0","0","0","0","0","2.0","8.5","0.1","0.8","0.7","5.7","0.0","-","-","-","-","-"
"526","CJ Dippre","TE","NE","11","-","-","2.5","5","0.50","10","0","0","0","0","0","-","-","-","1.4","1.1","8.6","0.1","-","-","-","-","-"
"527","Eric Gray","RB","NYG","8","-","-","2.5","5","0.50","17","0","0","0","0","0","2.1","8.2","0.0","0.8","0.6","6.4","0.0","-","-","-","-","-"
"528","Elijah Moore","WR","PHI","10","-","-","2.4","5","0.48","17","0","0","0","0","0","-","-","-","1.5","0.9","9.2","0.1","-","-","-","-","-"
"529","Dominic Lovett","WR","DET","6","-","-","2.4","7","0.34","17","0","0","0","0","0","-","-","-","1.5","1.0","10.5","0.1","-","-","-","-","-"
"530","Cam Grandy","TE","CIN","6","-","-","2.3","5","0.46","10","0","0","0","0","0","-","-","-","1.3","1.0","8.8","0.1","-","-","-","-","-"
"531","Brayden Willis","TE","SF","8","-","-","2.3","5","0.45","10","0","0","0","0","0","-","-","-","1.5","1.1","7.5","0.1","-","-","-","-","-"
"532","A.T. Perry","WR","PIT","9","-","-","2.2","5","0.44","17","0","0","0","0","0","-","-","-","1.2","0.8","9.2","0.1","-","-","-","-","-"
"533","Justin Watson","WR","HST","8","-","-","2.1","5","0.43","17","0","0","0","0","0","-","-","-","1.2","0.8","9.6","0.1","-","-","-","-","-"
"534","Bam Knight","RB","ARZ","14","-","-","2.1","5","0.42","17","0","0","0","0","0","1.6","7.0","0.0","0.7","0.6","5.3","0.0","-","-","-","-","-"
"535","Efton Chism III","WR","NE","11","-","-","2.1","5","0.42","17","0","0","0","0","0","-","-","-","0.9","0.6","10.9","0.1","-","-","-","-","-"
"536","JP Richardson","WR","CHI","10","-","-","1.8","5","0.36","17","0","0","0","0","0","-","-","-","1.1","0.7","8.4","0.0","-","-","-","-","-"
"537","JJ Galbreath","TE","PIT","9","-","-","1.8","5","0.36","10","0","0","0","0","0","-","-","-","0.8","0.6","8.0","0.1","-","-","-","-","-"
"538","Zaire Mitchell-Paden","TE","NO","8","-","-","1.7","7","0.25","10","0","0","0","0","0","-","-","-","1.1","0.8","5.7","0.1","-","-","-","-","-"
"539","Ke'Shawn Williams","WR","CIN","6","-","-","1.7","5","0.34","17","0","0","0","0","0","-","-","-","1.1","0.7","6.0","0.1","-","-","-","-","-"
"540","Ahmani Marshall","RB","CLV","11","-","-","1.7","5","0.33","17","0","0","0","0","0","2.3","9.2","0.0","0.3","0.2","1.9","0.0","-","-","-","-","-"
"541","Gary Brightwell","RB","CIN","6","-","-","1.6","5","0.32","17","0","0","0","0","0","-","-","-","0.8","0.7","7.2","0.0","-","-","-","-","-"
"542","Nick Kallerup","TE","SEA","11","-","-","1.5","10","0.15","10","0","0","0","0","0","-","-","-","0.7","0.5","6.8","0.1","-","-","-","-","-"
"543","Feleipe Franks","TE","CAR","5","-","-","1.5","5","0.30","10","0","0","0","0","0","-","-","-","0.6","0.4","7.0","0.1","-","-","-","-","-"
"544","Ulysses Bentley IV","RB","IND","13","-","-","1.5","5","0.30","17","0","0","0","0","0","2.1","8.0","0.0","0.2","0.2","2.1","0.0","-","-","-","-","-"
"545","Tom Kennedy","WR","DET","6","-","-","1.3","7","0.19","17","0","0","0","0","0","-","-","-","0.9","0.6","5.5","0.0","-","-","-","-","-"
"546","Jared Wayne","WR","HST","8","-","-","1.3","5","0.25","17","0","0","0","0","0","-","-","-","0.7","0.4","5.6","0.0","-","-","-","-","-"
"547","Charlie Jones","WR","CIN","6","-","-","1.2","5","0.25","17","0","0","0","0","0","-","-","-","0.8","0.6","4.2","0.0","-","-","-","-","-"
"548","Jeshaun Jones","WR","MIN","6","-","-","1.2","5","0.24","17","0","0","0","0","0","-","-","-","0.8","0.5","4.5","0.0","-","-","-","-","-"
"549","Dontae Fleming","WR","MIN","6","-","-","1.2","5","0.24","17","0","0","0","0","0","-","-","-","0.8","0.5","4.5","0.0","-","-","-","-","-"
"550","Zach Horton","TE","DET","6","-","-","0.9","5","0.17","10","0","0","0","0","0","-","-","-","0.5","0.4","3.7","0.0","-","-","-","-","-"
"551","Hayden Rucci","TE","SF","8","-","-","0.6","5","0.12","10","0","0","0","0","0","-","-","-","0.4","0.3","2.2","0.0","-","-","-","-","-"
"552","Ko Kieft","TE","TB","10","-","-","0.6","7","0.08","10","0","0","0","0","0","-","-","-","0.3","0.2","1.8","0.0","-","-","-","-","-"