"Player Details","","","","","","Overall","","","","Man","","","","Zone","","","","Single-High","","","","Two-High","","",""
"Rank","Name","Team","POS","G","Season","RTE","TPRR","YPRR","FP/RR","RTE","TPRR","YPRR","FP/RR","RTE","TPRR","YPRR","FP/RR","RTE","TPRR","YPRR","FP/RR","RTE","TPRR","YPRR","FP/RR"
"1","Stefon Diggs","BUF","WR","17","2021","617","0.25","1.99","0.46","11","0.36","2.09","0.48","42","0.19","1.10","0.25","30","0.23","1.80","0.38","0","","",""
"2","Marquise Brown","BLT","WR","16","2021","613","0.23","1.64","0.37","0","","","0.00","32","0.16","1.84","0.34","29","0.21","2.38","0.65","0","","",""
"3","Keenan Allen","LAC","WR","16","2021","612","0.24","1.86","0.42","15","0.27","1.47","0.35","17","0.47","4.59","0.81","19","0.32","2.53","0.52","0","","",""
"4","Justin Jefferson","MIN","WR","17","2021","608","0.27","2.66","0.55","20","0.15","1.45","0.25","27","0.22","1.56","0.28","32","0.22","2.25","0.36","0","","",""
"5","Mark Andrews","BLT","TE","17","2021","602","0.25","2.26","0.50","0","","","0.00","34","0.15","0.59","0.15","31","0.10","0.45","0.11","0","","",""
"6","D.J. Moore","CAR","WR","17","2021","599","0.26","1.93","0.40","13","0.08","1.00","0.18","19","0.37","3.53","0.62","21","0.19","2.48","0.39","0","","",""
"7","Diontae Johnson","PIT","WR","16","2021","598","0.28","1.94","0.46","14","0.36","1.43","0.29","13","0.31","0.85","0.24","20","0.30","1.25","0.28","0","","",""
"8","Robby Anderson","CAR","WR","17","2021","597","0.17","0.87","0.23","14","0.14","","0.00","16","0.06","3.56","0.79","20","0.10","","0.00","0","","",""
"9","Darnell Mooney","CHI","WR","17","2021","593","0.22","1.78","0.37","2","","","0.00","37","0.16","0.70","0.21","27","0.15","0.26","0.10","0","","",""
"10","Marvin Jones","JAX","WR","17","2021","591","0.20","1.41","0.30","3","0.67","6.00","0.93","37","0.14","1.49","0.23","7","0.43","7.29","1.01","0","","",""
"11","Cooper Kupp","LA","WR","17","2021","589","0.32","3.31","0.75","6","0.50","5.33","0.87","15","0.40","5.07","1.24","11","0.27","2.91","0.56","0","","",""
"12","Mike Evans","TB","WR","16","2021","586","0.19","1.77","0.45","19","0.11","0.53","0.11","22","0.18","0.64","0.15","21","0.14","0.48","0.10","0","","",""
"13","Travis Kelce","KC","TE","16","2021","581","0.22","1.94","0.45","5","","","0.00","28","0.18","2.04","0.35","16","0.06","0.75","0.14","0","","",""
"14","Jaylen Waddle","MIA","WR","16","2021","566","0.25","1.79","0.44","18","0.11","2.17","0.66","7","0.43","3.14","0.60","21","0.14","2.76","0.42","0","","",""
"15","Terry McLaurin","WAS","WR","17","2021","566","0.22","1.86","0.38","4","","","0.00","21","0.19","2.95","0.49","17","0.12","1.12","0.23","0","","",""
"16","Tyreek Hill","KC","WR","17","2021","566","0.28","2.19","0.53","6","0.50","2.83","0.62","28","0.43","6.43","1.18","18","0.50","4.17","0.75","0","","",""
"17","Ja'Marr Chase","CIN","WR","17","2021","564","0.21","2.58","0.54","6","0.17","2.17","0.38","20","0.30","4.40","0.94","11","0.09","1.18","0.21","0","","",""
"18","Mike Williams","LAC","WR","16","2021","557","0.22","2.06","0.44","16","0.25","1.63","0.29","19","0.37","2.79","0.54","23","0.30","2.00","0.37","0","","",""
"19","Davante Adams","GB","WR","16","2021","530","0.31","2.93","0.65","13","0.31","2.85","0.44","11","0.27","1.73","0.45","14","0.29","1.00","0.24","0","","",""
"20","Courtland Sutton","DEN","WR","17","2021","529","0.19","1.47","0.28","12","0.17","1.17","0.20","16","0.06","","0.00","17","0.12","0.82","0.14","0","","",""
"21","Michael Pittman","IND","WR","17","2021","528","0.23","2.05","0.45","3","","","0.00","37","0.08","0.78","0.16","13","0.08","1.08","0.18","0","","",""
"22","Chris Godwin","TB","WR","14","2021","525","0.23","2.10","0.47","20","0.30","2.85","0.79","26","0.27","1.85","0.34","24","0.38","2.13","0.63","0","","",""
"23","Jakobi Meyers","NE","WR","17","2021","518","0.24","1.67","0.36","16","0.44","2.44","0.56","21","0.10","0.24","0.07","23","0.17","1.26","0.21","0","","",""
"24","Brandin Cooks","HST","WR","16","2021","517","0.25","2.01","0.45","16","0.19","4.75","0.66","14","0.29","4.00","0.54","27","0.26","4.89","0.67","0","","",""
"25","Hunter Renfrow","LV","WR","17","2021","517","0.24","2.01","0.50","22","0.32","1.64","0.35","13","0.15","2.62","0.42","19","0.32","2.26","0.49","0","","",""
"26","Van Jefferson","LA","WR","17","2021","517","0.17","1.55","0.33","5","0.20","","0.00","14","0.14","5.71","1.14","10","0.20","1.30","0.23","0","","",""
"27","Christian Kirk","ARZ","WR","17","2021","516","0.20","1.90","0.40","10","0.30","5.90","2.09","7","0.29","1.57","0.44","12","0.33","5.17","1.85","0","","",""
"28","Dalton Schultz","DAL","TE","17","2021","513","0.20","1.58","0.41","6","0.17","1.00","0.27","24","0.21","1.63","0.37","18","0.22","2.06","0.43","0","","",""
"29","CeeDee Lamb","DAL","WR","16","2021","513","0.23","2.15","0.45","7","0.43","7.57","1.90","35","0.34","1.46","0.29","20","0.45","2.70","0.77","0","","",""
"30","Tyler Boyd","CIN","WR","16","2021","507","0.18","1.63","0.36","7","0.14","","0.00","17","0.18","1.88","0.36","10","0.20","0.90","0.19","0","","",""
"31","Mike Gesicki","MIA","TE","17","2021","502","0.22","1.55","0.33","12","0.25","","0.00","3","","","0.00","11","0.27","","0.00","0","","",""
"32","Amon-Ra St. Brown","DET","WR","17","2021","497","0.23","1.84","0.46","9","","","0.00","34","0.09","0.68","0.13","35","0.09","0.66","0.12","0","","",""
"33","A.J. Green","ARZ","WR","16","2021","497","0.18","1.71","0.32","13","0.23","0.31","0.11","11","0.18","1.91","0.28","19","0.16","0.21","0.07","0","","",""
"34","Kyle Pitts","ATL","TE","17","2021","495","0.21","2.07","0.36","0","","","0.00","30","0.23","1.03","0.24","7","0.57","2.71","0.56","0","","",""
"35","Bryan Edwards","LV","WR","16","2021","491","0.12","1.16","0.22","18","0.28","4.50","0.67","17","","","0.00","20","0.05","0.55","0.11","0","","",""
"36","Amari Cooper","DAL","WR","15","2021","488","0.21","1.77","0.41","9","0.44","4.44","2.11","41","0.29","2.41","0.49","22","0.36","3.91","0.98","0","","",""
"37","DK Metcalf","SEA","WR","17","2021","487","0.26","1.99","0.50","5","","","0.00","22","0.23","2.73","0.73","15","0.20","3.20","0.92","0","","",""
"38","Tim Patrick","DEN","WR","16","2021","485","0.17","1.51","0.32","9","0.33","3.67","1.37","13","0.08","0.46","0.12","13","0.08","1.15","0.19","0","","",""
"39","Cole Beasley","BUF","WR","16","2021","485","0.22","1.43","0.33","10","","","0.00","43","0.28","1.40","0.33","29","0.14","1.10","0.25","0","","",""
"40","K.J. Osborn","MIN","WR","17","2021","480","0.16","1.36","0.33","20","0.20","1.85","0.34","26","0.15","1.50","0.30","31","0.19","1.94","0.35","0","","",""
"41","Chase Claypool","PIT","WR","15","2021","478","0.21","1.80","0.35","15","0.33","3.00","0.50","11","","","0.00","18","0.28","2.50","0.42","0","","",""
"42","Zach Ertz","ARZ, PHI","TE","17","2021","474","0.23","1.61","0.38","2","","","0.00","17","0.12","2.00","0.32","10","0.20","3.40","0.54","0","","",""
"43","Tyler Lockett","SEA","WR","16","2021","473","0.22","2.48","0.51","5","0.40","4.60","1.86","19","0.16","4.05","0.88","14","0.14","0.29","0.10","0","","",""
"44","Cole Kmet","CHI","TE","17","2021","473","0.19","1.29","0.26","2","0.50","5.00","1.00","26","0.19","1.23","0.28","21","0.24","1.52","0.34","0","","",""
"45","Tyler Higbee","LA","TE","15","2021","473","0.17","1.18","0.31","5","0.40","2.60","0.66","13","0.23","4.23","0.65","9","0.33","4.89","0.82","0","","",""
"46","Emmanuel Sanders","BUF","WR","14","2021","472","0.15","1.33","0.28","9","0.11","1.78","0.29","40","0.15","0.90","0.17","28","0.18","1.39","0.25","0","","",""
"47","Tee Higgins","CIN","WR","14","2021","466","0.23","2.34","0.47","6","0.33","7.00","1.03","17","0.12","0.82","0.14","9","0.33","4.67","0.69","0","","",""
"48","DeVonta Smith","PHI","WR","17","2021","466","0.22","1.97","0.40","8","0.25","2.25","1.10","22","0.23","2.41","0.47","14","0.21","1.50","0.72","0","","",""
"49","Dawson Knox","BUF","TE","15","2021","464","0.15","1.27","0.35","4","","","0.00","17","0.24","2.41","0.48","9","0.33","3.22","0.66","0","","",""
"50","Jared Cook","LAC","TE","16","2021","463","0.17","1.22","0.29","15","0.27","2.00","0.33","13","0.15","2.23","0.38","19","0.26","1.89","0.35","0","","",""
"51","Zach Pascal","IND","WR","16","2021","458","0.15","0.84","0.21","3","0.33","3.67","2.70","34","0.09","0.65","0.12","12","0.08","","0.00","0","","",""
"52","Brandon Aiyuk","SF","WR","17","2021","458","0.18","1.80","0.37","1","","","0.00","12","","","0.00","9","","","0.00","0","","",""
"53","Tyler Conklin","MIN","TE","17","2021","457","0.18","1.30","0.30","15","0.07","0.40","0.11","12","0.25","2.92","0.54","16","0.19","0.88","0.28","0","","",""
"54","Deebo Samuel","SF","WR","16","2021","456","0.26","3.08","0.75","3","0.67","26.33","4.97","19","0.53","5.79","0.95","17","0.59","10.18","1.78","0","","",""
"55","Kalif Raymond","DET","WR","16","2021","450","0.16","1.28","0.29","7","0.14","2.86","0.43","38","0.08","0.79","0.13","37","0.11","1.35","0.22","0","","",""
"56","Laviska Shenault","JAX","WR","16","2021","445","0.22","1.39","0.29","2","","","0.00","37","0.24","1.35","0.32","7","0.14","","0.00","0","","",""
"57","Marquez Callaway","NO","WR","17","2021","442","0.19","1.58","0.34","7","0.14","","0.00","11","0.09","1.27","0.22","14","0.07","","0.00","0","","",""
"58","C.J. Uzomah","CIN","TE","16","2021","441","0.14","1.12","0.29","6","0.17","5.33","0.70","15","0.07","0.20","0.09","9","0.11","0.33","0.14","0","","",""
"59","Demarcus Robinson","KC","WR","17","2021","440","0.09","0.60","0.16","6","0.17","","0.00","20","0.05","0.45","0.10","17","","","0.00","0","","",""
"60","Adam Thielen","MIN","WR","13","2021","432","0.21","1.68","0.46","19","0.26","3.00","0.83","28","0.14","1.07","0.25","32","0.16","1.34","0.29","0","","",""
"61","Noah Fant","DEN","TE","16","2021","431","0.20","1.55","0.37","6","0.17","1.33","0.30","17","0.29","2.76","0.51","13","0.38","4.23","0.81","0","","",""
"62","Adam Humphries","WAS","WR","17","2021","431","0.14","0.89","0.18","3","","","0.00","12","0.17","0.83","0.25","10","0.20","1.00","0.30","0","","",""
"63","Evan Engram","NYG","TE","15","2021","422","0.16","0.97","0.25","0","","","0.00","0","","","0.00","0","","","0.00","0","","",""
"64","Mecole Hardman","KC","WR","17","2021","417","0.19","1.66","0.34","6","","","0.00","25","0.12","0.76","0.20","16","0.19","1.19","0.31","0","","",""
"65","Jalen Guyton","LAC","WR","16","2021","409","0.11","1.10","0.24","14","0.14","1.57","0.23","15","0.13","1.80","0.31","17","0.12","1.29","0.19","0","","",""
"66","Jalen Reagor","PHI","WR","17","2021","403","0.14","0.74","0.19","6","0.17","1.50","0.32","19","0.26","2.11","0.79","12","0.33","4.08","1.24","0","","",""
"67","Odell Beckham","CLV, LA","WR","14","2021","400","0.21","1.34","0.32","0","","","0.00","0","","","0.00","0","","","0.00","0","","",""
"68","Donovan Peoples-Jones","CLV","WR","14","2021","400","0.15","1.49","0.28","8","0.13","0.50","0.18","16","","","0.00","10","0.10","0.40","0.14","0","","",""
"69","Nelson Agholor","NE","WR","15","2021","399","0.15","1.19","0.26","15","0.07","","0.00","19","0.21","3.42","0.55","21","0.14","0.90","0.19","0","","",""
"70","Hunter Henry","NE","TE","17","2021","398","0.18","1.52","0.41","8","0.25","2.75","0.53","14","0.07","0.64","0.14","11","0.09","1.45","0.24","0","","",""
"71","Rashod Bateman","BLT","WR","12","2021","398","0.16","1.29","0.26","0","","","0.00","0","","","0.00","0","","","0.00","0","","",""
"72","Kenny Golladay","NYG","WR","14","2021","392","0.19","1.33","0.23","4","","","0.00","27","0.19","2.37","0.39","12","0.17","2.58","0.43","0","","",""
"73","Allen Lazard","GB","WR","15","2021","392","0.15","1.31","0.36","8","0.13","1.75","0.30","12","0.25","0.17","0.10","12","0.17","1.33","0.30","0","","",""
"74","Kendrick Bourne","NE","WR","17","2021","390","0.17","2.05","0.47","10","","","0.00","13","0.08","1.31","0.21","13","0.08","1.31","0.21","0","","",""
"75","Russell Gage","ATL","WR","14","2021","383","0.24","2.01","0.43","0","","","0.00","28","0.04","","0.00","8","","","0.00","0","","",""
"76","T.J. Hockenson","DET","TE","12","2021","379","0.22","1.54","0.38","11","0.45","3.73","1.28","39","0.15","1.44","0.25","42","0.24","2.00","0.51","0","","",""
"77","Darren Waller","LV","TE","11","2021","376","0.24","1.77","0.36","28","0.32","1.86","0.54","27","0.33","1.96","0.42","32","0.41","1.69","0.54","0","","",""
"78","Zay Jones","LV","WR","17","2021","374","0.19","1.46","0.29","10","0.10","3.10","1.01","6","0.17","2.50","0.42","9","0.11","1.67","0.28","0","","",""
"79","Jamison Crowder","NYJ","WR","12","2021","374","0.19","1.20","0.30","0","","","0.00","0","","","0.00","0","","","0.00","0","","",""
"80","Rob Gronkowski","TB","TE","12","2021","373","0.24","2.15","0.46","16","0.19","2.06","1.14","21","0.24","2.71","0.51","18","0.22","2.33","0.73","0","","",""
"81","George Kittle","SF","TE","14","2021","372","0.25","2.45","0.53","3","0.33","11.67","1.50","13","0.31","3.31","0.56","11","0.18","4.27","0.61","0","","",""
"82","Byron Pringle","KC","WR","17","2021","371","0.16","1.53","0.35","0","","","0.00","7","0.14","0.86","0.23","1","","","0.00","0","","",""
"83","Devin Duvernay","BLT","WR","16","2021","371","0.12","0.73","0.21","0","","","0.00","20","0.10","0.30","0.08","18","0.11","0.33","0.09","0","","",""
"84","Quez Watkins","PHI","WR","17","2021","370","0.16","1.75","0.31","7","0.14","0.29","0.17","10","0.20","2.10","0.41","7","0.29","1.71","0.46","0","","",""
"85","Damiere Byrd","CHI","WR","17","2021","365","0.10","0.90","0.18","0","","","0.00","21","0.14","0.90","0.23","12","","","0.00","0","","",""
"86","Olamide Zaccheaus","ATL","WR","17","2021","364","0.14","1.12","0.25","0","","","0.00","5","","","0.00","3","","","0.00","0","","",""
"87","Tyler Johnson","TB","WR","17","2021","363","0.15","0.99","0.20","0","","","0.00","0","","","0.00","1","1.00","","0.00","0","","",""
"88","Nico Collins","HST","WR","14","2021","353","0.16","1.26","0.24","13","0.08","0.54","0.13","12","0.08","","0.00","23","0.09","0.30","0.07","0","","",""
"89","Allen Robinson","CHI","WR","12","2021","349","0.19","1.17","0.25","2","","","0.00","37","0.27","0.95","0.26","26","0.27","1.04","0.30","0","","",""
"90","Darius Slayton","NYG","WR","13","2021","349","0.16","0.97","0.20","4","0.25","10.50","1.30","21","0.29","1.10","0.20","10","0.50","4.20","0.52","0","","",""
"91","Pat Freiermuth","PIT","TE","16","2021","347","0.22","1.43","0.44","3","","","0.00","3","0.33","8.00","1.13","3","0.33","8.00","1.13","0","","",""
"92","Freddie Swain","SEA","WR","17","2021","345","0.11","0.99","0.25","4","0.25","","0.00","8","","","0.00","7","0.14","","0.00","0","","",""
"93","Cedrick Wilson","DAL","WR","16","2021","334","0.18","1.80","0.44","4","0.25","3.25","0.58","16","0.13","0.69","0.19","9","0.11","0.22","0.13","0","","",""
"94","Gerald Everett","SEA","TE","15","2021","334","0.18","1.43","0.36","4","","","0.00","12","0.08","0.92","0.18","8","","","0.00","0","","",""
"95","A.J. Brown","TEN","WR","13","2021","334","0.31","2.60","0.54","16","0.19","1.13","0.61","19","0.21","1.63","0.27","20","0.30","1.50","0.60","0","","",""
"96","DeVante Parker","MIA","WR","10","2021","329","0.21","1.57","0.31","18","0.22","3.22","0.49","9","0.22","2.56","0.37","22","0.27","3.68","0.55","0","","",""
"97","Foster Moreau","LV","TE","17","2021","325","0.13","1.15","0.26","16","","","0.00","13","","","0.00","18","","","0.00","0","","",""
"98","Ray-Ray McCloud","PIT","WR","16","2021","325","0.19","0.85","0.21","1","","","0.00","0","","","0.00","1","","","0.00","0","","",""
"99","Keelan Cole","NYJ","WR","15","2021","325","0.14","1.38","0.24","0","","","0.00","0","","","0.00","0","","","0.00","0","","",""
"100","Nick Westbrook-Ikhine","TEN","WR","16","2021","322","0.17","1.48","0.34","6","0.17","","0.00","6","","","0.00","5","","","0.00","0","","",""
"101","James Washington","PIT","WR","15","2021","318","0.13","0.90","0.21","3","0.33","0.33","0.37","3","0.33","3.00","0.63","4","0.25","0.25","0.28","0","","",""
"102","Jarvis Landry","CLV","WR","12","2021","316","0.25","1.80","0.43","8","0.13","1.13","0.24","18","0.17","1.67","0.38","11","0.18","1.64","0.35","0","","",""
"103","Gabriel Davis","BUF","WR","16","2021","313","0.20","1.75","0.40","7","0.43","5.71","1.71","26","0.08","","0.00","19","0.05","1.95","0.25","0","","",""
"104","Dallas Goedert","PHI","TE","15","2021","311","0.23","2.67","0.53","5","0.40","1.80","1.58","14","0.14","1.50","0.29","8","0.25","2.63","0.51","0","","",""
"105","Tajae Sharpe","ATL","WR","15","2021","309","0.11","0.74","0.16","0","","","0.00","4","","","0.00","2","","","0.00","0","","",""
"106","Michael Gallup","DAL","WR","9","2021","308","0.19","1.44","0.30","6","0.17","2.00","0.37","26","0.23","0.92","0.21","12","0.25","1.67","0.33","0","","",""
"107","DeAndre Hopkins","ARZ","WR","10","2021","307","0.20","1.86","0.48","12","0.17","1.08","0.28","13","0.31","5.00","1.19","19","0.26","3.21","0.53","0","","",""
"108","Austin Hooper","CLV","TE","16","2021","305","0.19","1.13","0.30","3","","","0.00","12","0.25","2.25","0.48","6","0.33","3.17","0.65","0","","",""
"109","Chester Rogers","TEN","WR","16","2021","301","0.14","1.00","0.22","15","0.20","3.27","0.46","14","0.21","0.93","0.24","16","0.19","3.00","0.43","0","","",""
"110","Elijah Moore","NYJ","WR","11","2021","297","0.25","1.81","0.47","6","","","0.00","27","0.15","-0.11","0.03","17","0.06","-0.18","0.04","0","","",""
"111","Robert Woods","LA","WR","9","2021","297","0.22","1.87","0.46","3","","","0.00","10","0.20","2.50","0.45","4","0.25","4.75","0.73","0","","",""
"112","David Njoku","CLV","TE","16","2021","297","0.18","1.60","0.36","5","0.40","6.00","0.80","8","0.25","5.38","0.66","7","0.29","4.29","0.57","0","","",""
"113","Tre'Quan Smith","NO","WR","11","2021","295","0.16","1.28","0.30","0","","","0.00","0","","","0.00","0","","","0.00","0","","",""
"114","Chris Conley","HST","WR","16","2021","295","0.12","1.09","0.22","3","","","0.00","6","0.33","4.50","0.78","8","0.25","3.38","0.59","0","","",""
"115","Rashard Higgins","CLV","WR","15","2021","286","0.16","0.96","0.20","0","","","0.00","1","","","0.00","0","","","0.00","0","","",""
"116","Josh Palmer","LAC","WR","17","2021","283","0.17","1.25","0.33","2","","","0.00","5","0.20","3.40","0.54","3","0.33","5.67","0.90","0","","",""
"117","Cameron Brate","TB","TE","17","2021","282","0.18","0.87","0.28","6","","","0.00","5","","","0.00","5","","","0.00","0","","",""
"118","Marquez Valdes-Scantling","GB","WR","11","2021","280","0.19","1.54","0.31","13","0.31","1.00","0.25","11","0.36","0.36","0.13","14","0.36","1.21","0.34","0","","",""
"119","Ricky Seals-Jones","WAS","TE","13","2021","273","0.17","0.99","0.25","0","","","0.00","2","","","0.00","1","","","0.00","0","","",""
"120","Corey Davis","NYJ","WR","9","2021","272","0.22","1.81","0.39","6","","","0.00","31","0.19","2.87","0.61","21","0.10","2.62","0.36","0","","",""
"121","Laquon Treadwell","JAX","WR","12","2021","272","0.19","1.60","0.30","0","","","0.00","0","","","0.00","0","","","0.00","0","","",""
"122","Ian Thomas","CAR","TE","17","2021","272","0.11","0.69","0.14","5","0.20","3.40","0.54","5","0.20","","0.00","8","0.25","2.13","0.34","0","","",""
"123","Terrace Marshall","CAR","WR","13","2021","267","0.11","0.52","0.12","10","0.30","","0.00","12","0.17","1.58","0.33","12","0.33","0.92","0.18","0","","",""
"124","Josh Reynolds","TEN, DET","WR","12","2021","266","0.18","1.49","0.30","0","","","0.00","0","","","0.00","0","","","0.00","0","","",""
"125","Sammy Watkins","BLT","WR","12","2021","263","0.18","1.50","0.27","0","","","0.00","36","0.19","2.67","0.38","33","0.18","2.61","0.35","0","","",""
"126","Jack Doyle","IND","TE","17","2021","255","0.17","1.18","0.31","1","1.00","9.00","1.90","21","0.14","0.57","0.15","8","0.13","1.13","0.24","0","","",""
"127","Braxton Berrios","NYJ","WR","16","2021","253","0.25","1.70","0.46","5","","","0.00","23","0.30","2.22","0.44","13","0.31","3.69","0.60","0","","",""
"128","Ryan Griffin","NYJ","TE","14","2021","253","0.16","1.03","0.26","1","1.00","8.00","1.80","10","0.40","1.40","0.34","8","0.63","2.75","0.65","0","","",""
"129","Rondale Moore","ARZ","WR","14","2021","250","0.26","1.74","0.44","4","","","0.00","7","0.57","8.00","1.23","11","0.45","6.18","0.98","0","","",""
"130","DeAndre Carter","WAS","WR","17","2021","249","0.16","1.19","0.32","0","","","0.00","1","","","0.00","1","","","0.00","0","","",""
"131","Jerry Jeudy","DEN","WR","10","2021","249","0.22","1.88","0.34","9","0.33","3.11","0.53","13","0.31","3.38","0.65","12","0.25","3.00","0.55","0","","",""
"132","Anthony Firkser","TEN","TE","15","2021","246","0.17","1.18","0.30","12","0.17","0.67","0.23","11","0.18","1.00","0.19","11","0.09","","0.00","0","","",""
"133","Marquise Goodwin","CHI","WR","14","2021","245","0.16","1.28","0.23","1","1.00","19.00","2.90","14","0.14","1.21","0.26","12","0.25","3.00","0.55","0","","",""
"134","Dan Arnold","JAX, CAR","TE","11","2021","244","0.20","1.67","0.31","8","0.25","0.13","0.14","13","0.08","0.38","0.12","12","0.17","0.08","0.09","0","","",""
"135","Adam Trautman","NO","TE","13","2021","243","0.16","1.08","0.26","5","0.20","","0.00","8","0.50","2.25","0.60","10","0.50","1.80","0.48","0","","",""
"136","Tommy Tremble","CAR","TE","16","2021","242","0.13","0.74","0.22","2","","","0.00","1","","","0.00","3","","","0.00","0","","",""
"137","Julio Jones","TEN","WR","10","2021","239","0.19","1.82","0.34","11","0.27","0.82","0.17","20","0.10","1.00","0.20","16","0.19","1.19","0.24","0","","",""
"138","Mo Alie-Cox","IND","TE","17","2021","237","0.18","1.33","0.34","1","1.00","","0.00","16","0.06","","0.00","6","0.17","","0.00","0","","",""
"139","Antoine Wesley","ARZ","WR","15","2021","236","0.13","0.88","0.24","0","","","0.00","0","","","0.00","0","","","0.00","0","","",""
"140","Durham Smythe","MIA","TE","17","2021","230","0.17","1.55","0.30","4","0.25","","0.00","4","0.25","2.25","0.48","6","0.17","","0.00","0","","",""
"141","Randall Cobb","GB","WR","12","2021","225","0.17","1.67","0.42","3","","","0.00","7","0.14","4.57","0.60","5","0.20","6.40","0.84","0","","",""
"142","Hayden Hurst","ATL","TE","13","2021","219","0.15","1.01","0.30","1","","","0.00","24","0.17","1.17","0.28","6","0.17","1.17","0.28","0","","",""
"143","Sterling Shepard","NYG","WR","7","2021","218","0.23","1.68","0.36","5","0.40","7.00","1.10","28","0.25","2.79","0.67","14","0.29","5.71","1.29","0","","",""
"144","T.Y. Hilton","IND","WR","10","2021","214","0.17","1.55","0.35","0","","","0.00","0","","","0.00","0","","","0.00","0","","",""
"145","Henry Ruggs","LV","WR","7","2021","209","0.17","2.24","0.40","15","0.27","3.07","0.44","16","0.06","","0.00","19","0.11","","0.00","0","","",""
"146","Mack Hollins","MIA","WR","17","2021","207","0.14","1.08","0.29","0","","","0.00","0","","","0.00","0","","","0.00","0","","",""
"147","Deonte Harris","NO","WR","13","2021","207","0.28","2.75","0.56","3","","","0.00","11","0.18","6.55","1.38","10","","","0.00","0","","",""
"148","Albert Wilson","MIA","WR","14","2021","207","0.18","1.03","0.23","12","0.08","","0.00","4","","","0.00","13","0.08","","0.00","0","","",""
"149","Kyle Rudolph","NYG","TE","16","2021","201","0.18","1.28","0.30","4","","","0.00","15","0.20","0.53","0.19","8","","","0.00","0","","",""
"150","John Bates","WAS","TE","17","2021","201","0.11","1.24","0.25","0","","","0.00","0","","","0.00","0","","","0.00","0","","",""
"151","Tavon Austin","JAX","WR","13","2021","195","0.19","1.09","0.27","0","","","0.00","0","","","0.00","0","","","0.00","0","","",""
"152","Calvin Ridley","ATL","WR","5","2021","193","0.27","1.46","0.37","1","1.00","16.00","2.60","33","0.21","1.06","0.23","11","0.36","2.09","0.39","0","","",""
"153","DeSean Jackson","LV, LA","WR","16","2021","190","0.18","2.39","0.40","4","0.25","0.75","0.33","5","0.20","3.60","0.56","6","0.33","3.50","0.68","0","","",""
"154","Dyami Brown","WAS","WR","15","2021","189","0.13","0.87","0.15","4","0.75","-0.50","0.20","17","0.06","","0.00","14","0.21","","0.00","0","","",""
"155","Kadarius Toney","NYG","WR","10","2021","188","0.29","2.23","0.44","0","","","0.00","3","0.67","-0.67","0.60","2","0.50","-3.00","0.20","0","","",""
"156","Josiah Deguara","GB","TE","16","2021","186","0.17","1.32","0.33","1","","","0.00","1","","","0.00","0","","","0.00","0","","",""
"157","Geoff Swaim","TEN","TE","16","2021","185","0.21","1.14","0.38","3","0.33","","0.00","8","","","0.00","5","0.20","","0.00","0","","",""
"158","Jordan Akins","HST","TE","13","2021","184","0.17","1.16","0.24","14","0.14","","0.00","7","","","0.00","17","0.06","","0.00","0","","",""
"159","Antonio Brown","TB","WR","7","2021","184","0.33","2.96","0.66","15","0.20","3.33","0.87","17","0.24","4.18","0.59","18","0.17","1.72","0.28","0","","",""
"160","Jauan Jennings","SF","WR","16","2021","183","0.20","1.54","0.45","0","","","0.00","2","","","0.00","2","","","0.00","0","","",""
"161","Will Dissly","SEA","TE","15","2021","182","0.14","1.27","0.28","2","","","0.00","16","0.19","2.31","0.42","11","0.09","0.82","0.17","0","","",""
"162","Tyler Kroft","NYJ","TE","9","2021","182","0.14","0.95","0.22","5","0.20","","0.00","25","0.16","1.04","0.22","16","0.13","0.63","0.13","0","","",""
"163","Denzel Mims","NYJ","WR","11","2021","178","0.11","0.75","0.12","0","","","0.00","3","0.33","13.33","1.67","1","","","0.00","0","","",""
"164","James O'Shaughnessy","JAX","TE","7","2021","177","0.19","1.38","0.28","2","","","0.00","31","0.26","1.55","0.35","7","0.14","","0.00","0","","",""
"165","Pharaoh Brown","HST","TE","15","2021","175","0.18","0.98","0.22","7","0.43","5.57","0.84","5","0.40","5.60","0.96","10","0.40","3.80","0.68","0","","",""
"166","Jamal Agnew","JAX","WR","10","2021","173","0.21","1.32","0.40","1","","","0.00","7","","","0.00","1","","","0.00","0","","",""
"167","Robert Tonyan","GB","TE","8","2021","172","0.15","1.19","0.29","9","0.11","0.33","0.14","10","0.20","0.50","0.15","11","0.09","0.45","0.14","0","","",""
"168","Brandon Zylstra","CAR","WR","13","2021","169","0.14","1.48","0.29","0","","","0.00","1","","","0.00","1","","","0.00","0","","",""
"169","Trinity Benson","DET","WR","8","2021","167","0.13","0.62","0.12","5","","","0.00","32","0.19","0.59","0.15","30","0.20","0.63","0.16","0","","",""
"170","Albert Okwuegbunam","DEN","TE","14","2021","164","0.24","2.01","0.47","5","0.40","2.00","1.80","11","","","0.00","11","0.18","1.09","0.20","0","","",""
"171","Anthony Schwartz","CLV","WR","14","2021","161","0.14","0.84","0.21","7","0.43","2.29","0.37","9","0.22","5.89","0.81","8","0.25","2.00","0.33","0","","",""
"172","Ty Montgomery","NO","WR","14","2021","160","0.14","0.59","0.19","2","0.50","2.50","0.75","2","","","0.00","3","0.33","1.67","0.50","0","","",""
"173","Cam Sims","WAS","WR","14","2021","160","0.14","1.32","0.31","0","","","0.00","1","1.00","17.00","2.70","1","1.00","17.00","2.70","0","","",""
"174","Dede Westbrook","MIN","WR","15","2021","159","0.10","0.43","0.11","6","","","0.00","5","0.20","2.20","0.42","7","0.14","1.57","0.30","0","","",""
"175","Mohamed Sanu","SF","WR","8","2021","158","0.14","1.12","0.21","2","0.50","3.50","0.85","5","","","0.00","7","0.14","1.00","0.24","0","","",""
"176","Juwan Johnson","NO","TE","14","2021","158","0.13","1.01","0.33","4","0.50","5.00","2.50","6","","","0.00","9","0.22","2.22","1.11","0","","",""
"177","Eric Ebron","PIT","TE","8","2021","155","0.11","0.54","0.21","9","0.11","","0.00","4","0.25","4.75","0.73","10","0.10","1.90","0.29","0","","",""
"178","James Proche","BLT","WR","14","2021","153","0.13","1.32","0.24","0","","","0.00","5","","","0.00","3","","","0.00","0","","",""
"179","Harrison Bryant","CLV","TE","16","2021","152","0.18","1.53","0.41","2","","","0.00","7","0.29","2.43","0.39","4","0.25","4.25","0.68","0","","",""
"180","Danny Amendola","HST","WR","8","2021","151","0.24","1.64","0.46","9","0.22","1.67","1.06","6","0.50","3.17","0.82","13","0.31","2.00","0.97","0","","",""
"181","Jonnu Smith","NE","TE","16","2021","150","0.30","1.96","0.45","9","0.11","0.78","0.19","9","0.44","3.89","0.83","14","0.21","2.07","0.42","0","","",""
"182","KhaDarel Hodge","DET","WR","13","2021","147","0.18","1.07","0.21","0","","","0.00","0","","","0.00","0","","","0.00","0","","",""
"183","Kenny Stills","NO","WR","13","2021","147","0.14","0.46","0.13","0","","","0.00","0","","","0.00","0","","","0.00","0","","",""
"184","Noah Brown","DAL","WR","13","2021","146","0.16","1.26","0.24","0","","","0.00","0","","","0.00","0","","","0.00","0","","",""
"185","Kendall Hinton","DEN","WR","16","2021","145","0.15","1.21","0.27","0","","","0.00","0","","","0.00","0","","","0.00","0","","",""
"186","Logan Thomas","WAS","TE","6","2021","143","0.17","1.37","0.38","3","","","0.00","18","0.11","1.06","0.22","14","0.07","0.50","0.12","0","","",""
"187","Donald Parham","LAC","TE","14","2021","140","0.19","1.36","0.42","4","","","0.00","7","","","0.00","7","","","0.00","0","","",""
"188","Adam Shaheen","MIA","TE","12","2021","140","0.11","0.79","0.16","0","","","0.00","0","","","0.00","0","","","0.00","0","","",""
"189","John Ross","NYG","WR","10","2021","140","0.14","1.60","0.29","0","","","0.00","0","","","0.00","0","","","0.00","0","","",""
"190","Zach Gentry","PIT","TE","17","2021","139","0.17","1.20","0.26","1","","","0.00","2","0.50","-1.00","0.40","1","","","0.00","0","","",""
"191","Brevin Jordan","HST","TE","9","2021","139","0.19","1.28","0.40","0","","","0.00","0","","","0.00","0","","","0.00","0","","",""
"192","JuJu Smith-Schuster","PIT","WR","5","2021","138","0.19","0.93","0.25","16","0.13","","0.00","13","0.38","4.00","0.71","21","0.19","1.43","0.24","0","","",""
"193","Isaiah McKenzie","BUF","WR","15","2021","137","0.19","1.30","0.40","1","","","0.00","7","","","0.00","5","","","0.00","0","","",""
"194","O.J. Howard","TB","TE","17","2021","135","0.16","1.00","0.25","0","","","0.00","2","","","0.00","0","","","0.00","0","","",""
"195","MyCole Pruitt","TEN","TE","16","2021","135","0.13","1.07","0.36","1","","","0.00","2","","","0.00","2","","","0.00","0","","",""
"196","N'Keal Harry","NE","WR","12","2021","133","0.17","1.38","0.23","0","","","0.00","0","","","0.00","0","","","0.00","0","","",""
"197","Greg Ward","PHI","WR","16","2021","132","0.08","0.72","0.26","1","","","0.00","7","","","0.00","4","","","0.00","0","","",""
"198","Equanimeous St. Brown","GB","WR","13","2021","132","0.14","0.74","0.15","0","","","0.00","0","","","0.00","0","","","0.00","0","","",""
"199","Chris Moore","HST","WR","12","2021","130","0.17","1.75","0.43","0","","","0.00","0","","","0.00","0","","","0.00","0","","",""
"200","Josh Gordon","KC","WR","12","2021","126","0.11","0.25","0.11","0","","","0.00","0","","","0.00","0","","","0.00","0","","",""
"201","Quintez Cephus","DET","WR","5","2021","124","0.18","1.65","0.40","7","0.14","","0.00","17","0.29","0.71","0.60","17","0.29","0.53","0.52","0","","",""
"202","Collin Johnson","NYG","WR","12","2021","123","0.16","0.85","0.17","0","","","0.00","0","","","0.00","0","","","0.00","0","","",""
"203","Lil'Jordan Humphrey","NO","WR","10","2021","123","0.15","2.02","0.41","4","","","0.00","0","","","0.00","4","","","0.00","0","","",""
"204","Jeff Smith","NYJ","WR","12","2021","122","0.13","0.93","0.16","1","","","0.00","6","0.17","","0.00","5","0.20","","0.00","0","","",""
"205","Jimmy Graham","CHI","TE","15","2021","114","0.20","1.46","0.44","0","","","0.00","7","0.29","1.57","0.30","4","","","0.00","0","","",""
"206","Breshad Perriman","TB","WR","6","2021","113","0.15","1.48","0.30","0","","","0.00","0","","","0.00","0","","","0.00","0","","",""
"207","Marcedes Lewis","GB","TE","17","2021","112","0.25","1.91","0.40","5","0.20","3.80","0.58","1","","","0.00","4","0.25","4.75","0.73","0","","",""
"208","Parris Campbell","IND","WR","6","2021","111","0.16","1.46","0.29","3","","","0.00","25","0.08","0.96","0.14","8","0.13","3.00","0.43","0","","",""
"209","Blake Jarwin","DAL","TE","8","2021","108","0.16","0.89","0.30","7","","","0.00","21","0.14","0.95","0.24","14","0.07","0.43","0.11","0","","",""
"210","D.J. Chark","JAX","WR","4","2021","105","0.18","1.47","0.33","3","","","0.00","39","0.31","2.21","0.45","11","0.27","","0.00","0","","",""
"211","Trent Sherfield","SF","WR","17","2021","102","0.17","0.85","0.23","4","","","0.00","9","0.22","2.00","0.31","12","0.25","1.92","0.86","0","","",""
"212","Drew Sample","CIN","TE","17","2021","102","0.14","0.79","0.19","1","","","0.00","3","","","0.00","1","","","0.00","0","","",""
"213","D'Wayne Eskridge","SEA","WR","10","2021","102","0.19","0.63","0.28","0","","","0.00","3","0.33","2.00","0.53","0","","","0.00","0","","",""
"214","Stephen Anderson","LAC","TE","17","2021","101","0.19","1.63","0.38","2","","","0.00","3","0.67","0.33","0.37","4","0.25","0.25","0.28","0","","",""
"215","Noah Gray","KC","TE","15","2021","101","0.10","0.36","0.16","0","","","0.00","2","","","0.00","2","","","0.00","0","","",""
"216","Ashton Dulin","IND","WR","17","2021","97","0.22","1.78","0.47","0","","","0.00","1","","","0.00","0","","","0.00","0","","",""
"217","Scott Miller","TB","WR","8","2021","96","0.09","0.40","0.20","2","","","0.00","4","","","0.00","1","","","0.00","0","","",""
"218","Maxx Williams","ARZ","TE","5","2021","95","0.18","2.03","0.43","8","","","0.00","7","0.14","","0.00","11","0.09","","0.00","0","","",""
"219","Tommy Sweeney","BUF","TE","13","2021","94","0.13","0.47","0.21","0","","","0.00","0","","","0.00","0","","","0.00","0","","",""
"220","Preston Williams","MIA","WR","8","2021","92","0.17","0.77","0.15","0","","","0.00","0","","","0.00","0","","","0.00","0","","",""
"221","Ben Skowronek","LA","WR","13","2021","91","0.20","1.46","0.27","0","","","0.00","0","","","0.00","0","","","0.00","0","","",""
"222","Kylen Granson","IND","TE","17","2021","91","0.16","1.16","0.24","1","","","0.00","1","","","0.00","0","","","0.00","0","","",""
"223","Marcus Johnson","TEN","WR","7","2021","90","0.19","1.78","0.28","0","","","0.00","0","","","0.00","0","","","0.00","0","","",""
"224","Tom Kennedy","DET","WR","12","2021","89","0.11","0.61","0.21","0","","","0.00","0","","","0.00","0","","","0.00","0","","",""
"225","Jakeem Grant","MIA, CHI","WR","15","2021","88","0.19","1.50","0.44","1","","","0.00","3","","","0.00","2","","","0.00","0","","",""
"226","Jacob Hollister","JAX","TE","7","2021","87","0.15","0.63","0.24","0","","","0.00","0","","","0.00","0","","","0.00","0","","",""
"227","Chris Manhertz","JAX","TE","17","2021","85","0.11","0.84","0.22","0","","","0.00","5","0.20","4.40","1.84","2","0.50","11.00","4.60","0","","",""
"228","Jesse James","CHI","TE","14","2021","85","0.09","0.73","0.23","1","","","0.00","4","","","0.00","4","","","0.00","0","","",""
"229","Dax Milne","WAS","WR","13","2021","85","0.15","0.98","0.19","0","","","0.00","2","","","0.00","2","","","0.00","0","","",""
"230","Luke Farrell","JAX","TE","14","2021","85","0.12","0.66","0.15","1","","","0.00","0","","","0.00","1","","","0.00","0","","",""
"231","Nick Vannett","NO","TE","7","2021","84","0.18","1.58","0.34","0","","","0.00","0","","","0.00","0","","","0.00","0","","",""
"232","Brock Wright","DET","TE","10","2021","81","0.21","1.44","0.44","0","","","0.00","0","","","0.00","0","","","0.00","0","","",""
"233","Josh Oliver","BLT","TE","13","2021","81","0.19","0.81","0.19","0","","","0.00","2","0.50","","0.00","2","0.50","","0.00","0","","",""
"234","Isaiah Ford","MIA","WR","13","2021","81","0.20","1.99","0.50","0","","","0.00","0","","","0.00","0","","","0.00","0","","",""
"235","Pharoh Cooper","NYG","WR","8","2021","80","0.14","0.41","0.10","0","","","0.00","0","","","0.00","0","","","0.00","0","","",""
"236","Christopher Herndon","MIN","TE","16","2021","74","0.08","0.54","0.19","0","","","0.00","5","0.20","","0.00","3","","","0.00","0","","",""
"237","Cyril Grayson","TB","WR","5","2021","68","0.19","3.12","0.66","0","","","0.00","0","","","0.00","0","","","0.00","0","","",""
"238","Eric Saubert","DEN","TE","17","2021","66","0.17","0.71","0.28","0","","","0.00","7","0.29","1.00","0.24","2","","","0.00","0","","",""
"239","Dante Pettis","NYG","WR","3","2021","66","0.24","1.32","0.38","0","","","0.00","0","","","0.00","0","","","0.00","0","","",""
"240","Ihmir Smith-Marsette","MIN","WR","8","2021","65","0.09","1.78","0.44","1","","","0.00","1","","","0.00","2","","","0.00","0","","",""
"241","Mike Thomas","CIN","WR","11","2021","65","0.17","0.80","0.16","0","","","0.00","4","0.75","1.25","0.38","2","1.00","","0.00","0","","",""
"242","Cody Hollister","TEN","WR","3","2021","65","0.11","0.51","0.11","0","","","0.00","0","","","0.00","0","","","0.00","0","","",""
"243","Blake Bell","KC","TE","16","2021","65","0.17","1.34","0.29","0","","","0.00","6","0.17","0.50","0.22","1","","","0.00","0","","",""
"244","Darrell Daniels","ARZ","TE","15","2021","64","0.06","","0.02","0","","","0.00","0","","","0.00","0","","","0.00","0","","",""
"245","Juwann Winfree","GB","WR","6","2021","63","0.21","0.92","0.20","0","","","0.00","0","","","0.00","0","","","0.00","0","","",""
"246","Shi Smith","CAR","WR","6","2021","63","0.17","1.65","0.26","0","","","0.00","0","","","0.00","0","","","0.00","0","","",""
"247","Phillip Dorsett","SEA, JAX, HST","WR","6","2021","63","0.22","1.75","0.29","0","","","0.00","0","","","0.00","0","","","0.00","0","","",""
"248","Eric Tomlinson","BLT","TE","17","2021","63","0.02","0.11","0.03","0","","","0.00","3","","","0.00","3","","","0.00","0","","",""
"249","Ross Dwelley","SF","TE","16","2021","62","0.10","0.82","0.24","0","","","0.00","3","","","0.00","3","","","0.00","0","","",""
"250","Tyree Jackson","PHI","TE","9","2021","62","0.10","0.35","0.18","0","","","0.00","0","","","0.00","0","","","0.00","0","","",""
"251","Malik Turner","DAL","WR","12","2021","61","0.26","2.44","0.74","0","","","0.00","0","","","0.00","0","","","0.00","0","","",""
"252","Christian Blake","ATL","WR","13","2021","59","0.15","0.42","0.11","0","","","0.00","2","","","0.00","0","","","0.00","0","","",""
"253","Anthony Miller","PIT, HST","WR","3","2021","59","0.20","0.42","0.25","0","","","0.00","0","","","0.00","0","","","0.00","0","","",""
"254","K.J. Hamler","DEN","WR","3","2021","58","0.17","1.28","0.21","5","0.20","1.80","0.38","13","0.23","2.46","0.40","10","0.10","0.90","0.19","0","","",""
"255","Jaelon Darden","TB","WR","9","2021","57","0.21","0.75","0.20","0","","","0.00","0","","","0.00","0","","","0.00","0","","",""
"256","Penny Hart","SEA","WR","16","2021","55","0.22","1.07","0.23","0","","","0.00","0","","","0.00","0","","","0.00","0","","",""
"257","Kaden Smith","NYG","TE","9","2021","55","0.05","0.60","0.11","2","","","0.00","13","","","0.00","5","","","0.00","0","","",""
"258","Dez Fitzpatrick","TEN","WR","4","2021","54","0.15","0.91","0.29","0","","","0.00","0","","","0.00","0","","","0.00","0","","",""
"259","Dazz Newsome","CHI","WR","3","2021","53","0.08","0.43","0.08","0","","","0.00","0","","","0.00","0","","","0.00","0","","",""
"260","Charlie Woerner","SF","TE","17","2021","52","0.12","1.00","0.20","0","","","0.00","1","","","0.00","1","","","0.00","0","","",""
"261","Darren Fells","TB, DET","TE","9","2021","52","0.10","0.83","0.16","3","","","0.00","8","0.13","0.25","0.15","8","","","0.00","0","","",""
"262","Demetrius Harris","ARZ","TE","14","2021","52","0.08","0.19","0.08","4","0.25","","0.00","3","","","0.00","7","0.14","","0.00","0","","",""
"263","Trevon Wesco","NYJ","TE","12","2021","52","0.08","0.67","0.13","1","","","0.00","8","","","0.00","6","","","0.00","0","","",""
"264","Tylan Wallace","BLT","WR","13","2021","52","0.10","0.44","0.08","0","","","0.00","0","","","0.00","0","","","0.00","0","","",""
"265","Kendall Blanton","LA","TE","11","2021","51","0.14","0.73","0.15","0","","","0.00","0","","","0.00","0","","","0.00","0","","",""
"266","Jack Stoll","PHI","TE","16","2021","50","0.10","0.44","0.12","0","","","0.00","4","","","0.00","1","","","0.00","0","","",""
"267","Antony Auclair","HST","TE","16","2021","50","0.10","0.94","0.31","4","","","0.00","2","","","0.00","4","","","0.00","0","","",""
"268","Trenton Irwin","CIN","WR","7","2021","49","0.10","0.69","0.11","0","","","0.00","0","","","0.00","0","","","0.00","0","","",""
"269","Will Fuller","MIA","WR","2","2021","49","0.16","0.53","0.18","0","","","0.00","0","","","0.00","0","","","0.00","0","","",""
"270","Colby Parkinson","SEA","TE","12","2021","48","0.15","0.69","0.17","0","","","0.00","0","","","0.00","0","","","0.00","0","","",""
"271","Parker Hesse","ATL","TE","8","2021","46","0.13","0.93","0.20","0","","","0.00","0","","","0.00","0","","","0.00","0","","",""
"272","Taysom Hill","NO","TE","7","2021","46","0.13","1.13","0.84","1","","","0.00","5","","","0.00","4","","","0.00","0","","",""
"273","Tre' McKitty","LAC","TE","11","2021","46","0.15","0.98","0.23","0","","","0.00","0","","","0.00","0","","","0.00","0","","",""
"274","Dominique Dafney","GB","TE","10","2021","44","0.09","0.77","0.12","2","","","0.00","4","","","0.00","4","","","0.00","0","","",""
"275","Garrett Griffin","NO","TE","13","2021","43","0.09","0.91","0.18","0","","","0.00","2","","","0.00","1","","","0.00","0","","",""
"276","Racey McMath","TEN","WR","9","2021","43","0.12","0.19","0.04","4","","","0.00","1","","","0.00","3","","","0.00","0","","",""
"277","Jake Kumerow","BUF","WR","15","2021","43","0.12","0.65","0.11","0","","","0.00","0","","","0.00","0","","","0.00","0","","",""
"278","David Sills","NYG","WR","4","2021","42","0.14","0.40","0.09","0","","","0.00","0","","","0.00","0","","","0.00","0","","",""
"279","Tyler Davis","GB","TE","11","2021","42","0.12","0.83","0.18","0","","","0.00","0","","","0.00","0","","","0.00","0","","",""
"280","Shane Zylstra","DET","TE","3","2021","42","0.12","0.81","0.15","0","","","0.00","0","","","0.00","0","","","0.00","0","","",""
"281","Ja'Marcus Bradley","CLV","WR","4","2021","39","0.10","1.64","0.27","0","","","0.00","0","","","0.00","0","","","0.00","0","","",""
"282","Amari Rodgers","GB","WR","16","2021","39","0.21","1.15","0.25","2","","","0.00","4","0.25","4.75","0.73","4","","","0.00","0","","",""
"283","Lee Smith","ATL","TE","16","2021","39","0.28","1.67","0.55","0","","","0.00","0","","","0.00","0","","","0.00","0","","",""
"284","C.J. Board","NYG","WR","6","2021","39","0.13","1.31","0.25","0","","","0.00","3","","","0.00","2","","","0.00","0","","",""
"285","Keith Kirkwood","CAR","WR","3","2021","39","0.18","0.44","0.12","0","","","0.00","0","","","0.00","0","","","0.00","0","","",""
"286","D.J. Montgomery","NYJ","WR","3","2021","38","0.16","0.95","0.17","0","","","0.00","0","","","0.00","0","","","0.00","0","","",""
"287","Mitchell Wilcox","CIN","TE","15","2021","38","0.13","0.42","0.12","1","","","0.00","0","","","0.00","0","","","0.00","0","","",""
"288","Mike Strachan","IND","WR","5","2021","37","0.08","0.70","0.12","0","","","0.00","10","0.20","2.60","0.46","2","0.50","5.00","1.00","0","","",""
"289","Cody White","PIT","WR","8","2021","36","0.17","0.92","0.23","0","","","0.00","0","","","0.00","0","","","0.00","0","","",""
"290","Stanley Morgan","CIN","WR","15","2021","36","0.11","0.31","0.09","0","","","0.00","0","","","0.00","0","","","0.00","0","","",""
"291","Auden Tate","CIN","WR","7","2021","36","0.11","1.08","0.36","0","","","0.00","3","","","0.00","0","","","0.00","0","","",""
"292","Curtis Samuel","WAS","WR","5","2021","35","0.23","0.77","0.28","0","","","0.00","0","","","0.00","0","","","0.00","0","","",""
"293","J.J. Arcega-Whiteside","PHI","WR","16","2021","33","0.15","1.09","0.17","2","","","0.00","1","","","0.00","3","","","0.00","0","","",""
"294","Gunner Olszewski","NE","WR","16","2021","32","0.09","0.97","0.19","1","","","0.00","2","","","0.00","1","","","0.00","0","","",""
"295","Joe Fortson","KC","TE","6","2021","31","0.16","1.52","0.70","1","","","0.00","3","","","0.00","3","","","0.00","0","","",""
"296","Willie Snead","LV, CAR","WR","9","2021","30","0.27","1.27","0.26","1","1.00","","0.00","0","","","0.00","0","","","0.00","0","","",""
"297","Chris Hogan","NO","WR","5","2021","30","0.20","1.37","0.47","2","","","0.00","1","","","0.00","3","","","0.00","0","","",""
"298","Kristian Wilkerson","NE","WR","3","2021","30","0.27","1.40","0.67","0","","","0.00","0","","","0.00","0","","","0.00","0","","",""
"299","Tyron Johnson","LV, JAX","WR","10","2021","30","0.17","0.53","0.12","0","","","0.00","6","0.17","1.00","0.27","2","","","0.00","0","","",""
"300","Jason Moore","LAC","WR","2","2021","29","0.14","1.93","0.30","0","","","0.00","0","","","0.00","0","","","0.00","0","","",""
"301","Diontae Spencer","DEN","WR","15","2021","28","0.14","-0.11","0.03","0","","","0.00","0","","","0.00","0","","","0.00","0","","",""
"302","Cameron Batson","TEN","WR","4","2021","28","0.18","0.54","0.39","0","","","0.00","0","","","0.00","0","","","0.00","0","","",""
"303","Nick Boyle","BLT","TE","5","2021","28","0.07","0.07","0.04","0","","","0.00","0","","","0.00","0","","","0.00","0","","",""
"304","Johnny Mundt","LA","TE","6","2021","27","0.04","0.33","0.07","0","","","0.00","2","","","0.00","1","","","0.00","0","","",""
"305","Trent Taylor","CIN","WR","4","2021","27","0.11","1.52","0.23","0","","","0.00","0","","","0.00","0","","","0.00","0","","",""
"306","Sean McKeon","DAL","TE","9","2021","26","0.23","1.04","0.49","0","","","0.00","0","","","0.00","0","","","0.00","0","","",""
"307","Seth Williams","DEN","WR","2","2021","26","0.04","1.31","0.17","0","","","0.00","0","","","0.00","0","","","0.00","0","","",""
"308","Geronimo Allison","DET","WR","3","2021","26","0.04","","0.00","0","","","0.00","0","","","0.00","0","","","0.00","0","","",""
"309","Marcus Kemp","KC","WR","16","2021","25","0.20","0.96","0.18","0","","","0.00","1","","","0.00","0","","","0.00","0","","",""
"310","Dezmon Patmon","IND","WR","8","2021","25","0.16","0.84","0.40","0","","","0.00","0","","","0.00","0","","","0.00","0","","",""
"311","Stephen Sullivan","CAR","TE","3","2021","24","0.04","","0.00","0","","","0.00","0","","","0.00","0","","","0.00","0","","",""
"312","Kevin White","NO","WR","5","2021","24","0.21","1.58","0.20","0","","","0.00","0","","","0.00","0","","","0.00","0","","",""
"313","Kenny Yeboah","NYJ","TE","4","2021","24","0.13","1.50","0.23","0","","","0.00","0","","","0.00","0","","","0.00","0","","",""
"314","Daniel Brown","NYJ","TE","11","2021","23","0.09","1.26","0.21","0","","","0.00","0","","","0.00","0","","","0.00","0","","",""
"315","Andy Isabella","ARZ","WR","6","2021","23","0.04","0.57","0.10","0","","","0.00","0","","","0.00","0","","","0.00","0","","",""
"316","Alex Erickson","CAR","WR","17","2021","22","0.18","2.50","0.39","1","","","0.00","0","","","0.00","1","","","0.00","0","","",""
"317","Andre Roberts","HST, LAC","WR","16","2021","22","0.09","1.59","0.29","0","","","0.00","0","","","0.00","0","","","0.00","0","","",""
"318","Chris Myarick","NYG","TE","8","2021","21","0.24","0.81","0.51","0","","","0.00","0","","","0.00","0","","","0.00","0","","",""
"319","Tyrell Williams","DET","WR","1","2021","21","0.14","0.67","0.16","5","0.20","1.40","0.34","15","0.13","0.47","0.11","19","0.16","0.74","0.18","0","","",""
"320","Vyncint Smith","NYJ","WR","2","2021","20","0.05","","0.00","0","","","0.00","0","","","0.00","0","","","0.00","0","","",""
"321","Derek Carrier","LV","TE","5","2021","19","0.11","0.68","0.17","5","","","0.00","4","","","0.00","7","","","0.00","0","","",""
"322","Alex Bachman","NYG","WR","3","2021","19","","","-0.02","0","","","0.00","0","","","0.00","0","","","0.00","0","","",""
"323","Greg Dortch","ARZ","WR","5","2021","18","0.17","0.83","0.38","0","","","0.00","0","","","0.00","0","","","0.00","0","","",""
"324","Keke Coutee","IND","WR","2","2021","18","0.06","0.28","0.08","0","","","0.00","0","","","0.00","0","","","0.00","0","","",""
"325","Ben Ellefson","MIN","TE","5","2021","17","0.06","","0.00","0","","","0.00","0","","","0.00","0","","","0.00","0","","",""
"326","Hunter Long","MIA","TE","7","2021","17","0.18","0.47","0.11","3","","","0.00","2","","","0.00","5","","","0.00","0","","",""
"327","Jalen Camp","HST","WR","3","2021","16","","","0.00","0","","","0.00","0","","","0.00","0","","","0.00","0","","",""
"328","Jeremy Sprinkle","DAL","TE","17","2021","16","0.19","1.94","0.38","0","","","0.00","0","","","0.00","0","","","0.00","0","","",""
"329","Richard Rodgers","PHI","TE","3","2021","16","0.13","0.69","0.19","0","","","0.00","0","","","0.00","0","","","0.00","0","","",""
"330","Tyrie Cleveland","DEN","WR","6","2021","15","0.07","","0.00","0","","","0.00","0","","","0.00","0","","","0.00","0","","",""
"331","Jared Pinkney","DET","TE","2","2021","15","","","0.00","0","","","0.00","0","","","0.00","0","","","0.00","0","","",""
"332","Luke Stocker","MIN","TE","11","2021","15","0.13","0.80","0.21","0","","","0.00","0","","","0.00","0","","","0.00","0","","",""
"333","J.P. Holtz","CHI","TE","12","2021","15","","","0.00","0","","","0.00","0","","","0.00","0","","","0.00","0","","",""
"334","C.J. Saunders","CAR","WR","2","2021","15","0.13","0.73","0.21","0","","","0.00","0","","","0.00","0","","","0.00","0","","",""
"335","David Moore","DEN, GB","WR","3","2021","14","0.14","","0.00","0","","","0.00","0","","","0.00","0","","","0.00","0","","",""
"336","Frank Darby","ATL","WR","7","2021","13","0.31","1.08","0.18","0","","","0.00","0","","","0.00","0","","","0.00","0","","",""
"337","Isaiah Coulter","CHI","WR","2","2021","13","0.08","","0.00","0","","","0.00","0","","","0.00","0","","","0.00","0","","",""
"338","Davion Davis","HST","WR","2","2021","13","0.23","1.31","0.21","0","","","0.00","0","","","0.00","0","","","0.00","0","","",""
"339","Travis Benjamin","SF","WR","10","2021","13","0.31","","0.00","0","","","0.00","0","","","0.00","0","","","0.00","0","","",""
"340","Tarik Black","NYJ","WR","1","2021","13","0.15","0.77","0.15","0","","","0.00","0","","","0.00","0","","","0.00","0","","",""
"341","Brycen Hopkins","LA","TE","4","2021","12","0.08","0.75","0.16","0","","","0.00","0","","","0.00","0","","","0.00","0","","",""
"342","Dan Chisena","MIN","WR","6","2021","12","","","0.00","0","","","0.00","0","","","0.00","0","","","0.00","0","","",""
"343","Andrew Beck","DEN","TE","12","2021","12","","","0.00","0","","","0.00","0","","","0.00","0","","","0.00","0","","",""
"344","Tommy Hudson","TEN","TE","4","2021","11","0.45","2.82","0.55","0","","","0.00","0","","","0.00","0","","","0.00","0","","",""
"345","Cethan Carter","MIA","TE","12","2021","11","0.18","1.45","0.33","0","","","0.00","0","","","0.00","0","","","0.00","0","","",""
"346","John Brown","DEN, JAX","WR","4","2021","11","0.27","","0.00","0","","","0.00","0","","","0.00","0","","","0.00","0","","",""
"347","Malik Taylor","GB","WR","9","2021","11","0.27","1.27","0.31","2","0.50","3.50","0.85","3","0.33","","0.00","2","0.50","","0.00","0","","",""
"348","Kevin Rader","PIT","TE","6","2021","10","0.30","0.80","0.28","0","","","0.00","0","","","0.00","0","","","0.00","0","","",""
"349","Daniel Helm","LV","TE","8","2021","10","0.20","-0.10","0.09","0","","","0.00","0","","","0.00","0","","","0.00","0","","",""
"350","Ross Travis","ARZ, DET","TE","4","2021","10","","","0.00","0","","","0.00","0","","","0.00","0","","","0.00","0","","",""
"351","Miles Boykin","BLT","WR","5","2021","9","0.11","0.67","0.18","0","","","0.00","0","","","0.00","0","","","0.00","0","","",""
"352","Colin Thompson","CAR","TE","10","2021","9","0.11","","0.00","0","","","0.00","0","","","0.00","0","","","0.00","0","","",""
"353","Dillon Stoner","LV","WR","4","2021","9","","","0.00","0","","","0.00","0","","","0.00","0","","","0.00","0","","",""
"354","Antonio Gandy-Golden","WAS","WR","4","2021","8","","","0.00","0","","","0.00","0","","","0.00","0","","","0.00","0","","",""
"355","Tory Carter","TEN","TE","8","2021","8","","","0.00","0","","","0.00","0","","","0.00","0","","","0.00","0","","",""
"356","Sammis Reyes","WAS","TE","7","2021","7","","","0.00","0","","","0.00","0","","","0.00","0","","","0.00","0","","",""
"357","Jaydon Mickens","TB, JAX","WR","11","2021","7","0.43","1.43","0.43","0","","","0.00","0","","","0.00","0","","","0.00","0","","",""
"358","Nick Bowers","LV","TE","5","2021","7","","","0.00","0","","","0.00","0","","","0.00","0","","","0.00","0","","",""
"359","Kahale Warring","BUF, JAX","TE","2","2021","7","","","0.00","0","","","0.00","0","","","0.00","0","","","0.00","0","","",""
"360","Michael Bandy","LAC","WR","1","2021","7","","","0.00","0","","","0.00","0","","","0.00","0","","","0.00","0","","",""
"361","Kirk Merritt","MIA","WR","1","2021","7","0.43","1.86","0.33","0","","","0.00","0","","","0.00","0","","","0.00","0","","",""
"362","K.J. Hill","LAC","WR","6","2021","7","0.43","4.29","0.86","1","","","0.00","4","0.75","7.50","1.50","2","0.50","2.00","0.70","0","","",""
"363","Marvin Hall","ATL","WR","2","2021","7","0.14","1.43","0.29","0","","","0.00","0","","","0.00","0","","","0.00","0","","",""
"364","Jesper Horsted","CHI","TE","5","2021","6","0.50","3.50","2.68","0","","","0.00","0","","","0.00","0","","","0.00","0","","",""
"365","JoJo Natson","CLV","WR","3","2021","6","","","0.00","0","","","0.00","0","","","0.00","0","","","0.00","0","","",""
"366","Ethan Wolf","NO","TE","2","2021","6","0.33","1.33","0.47","0","","","0.00","0","","","0.00","0","","","0.00","0","","",""
"367","Easop Winston","NO","WR","3","2021","5","0.20","1.00","0.30","0","","","0.00","0","","","0.00","0","","","0.00","0","","",""
"368","Rodney Adams","CHI","WR","1","2021","4","0.25","","0.00","0","","","0.00","0","","","0.00","0","","","0.00","0","","",""
"369","Miller Forristall","CLV","TE","2","2021","4","","","0.00","0","","","0.00","0","","","0.00","0","","","0.00","0","","",""
"370","Devin Smith","JAX","WR","1","2021","4","0.25","","0.00","0","","","0.00","4","0.25","","0.00","0","","","0.00","0","","",""
"371","Josh Hammond","JAX","WR","2","2021","4","","","0.00","0","","","0.00","0","","","0.00","0","","","0.00","0","","",""
"372","Deon Yelder","TB","TE","2","2021","4","0.25","","0.25","0","","","0.00","0","","","0.00","0","","","0.00","0","","",""
"373","Jordan Veasy","HST","WR","2","2021","4","","","0.00","0","","","0.00","0","","","0.00","0","","","0.00","0","","",""
"374","Tony Poljan","BLT","TE","1","2021","4","","","0.00","0","","","0.00","0","","","0.00","0","","","0.00","0","","",""
"375","Tyler Mabry","SEA","TE","6","2021","4","","","0.00","0","","","0.00","2","","","0.00","2","","","0.00","0","","",""
"376","Matt LaCosse","NE","TE","1","2021","3","","","0.00","0","","","0.00","0","","","0.00","0","","","0.00","0","","",""
"377","Temarrick Hemingway","WAS","TE","1","2021","3","","","0.00","0","","","0.00","0","","","0.00","0","","","0.00","0","","",""
"378","Noah Togiai","PHI","TE","1","2021","3","","","0.00","0","","","0.00","0","","","0.00","0","","","0.00","0","","",""
"379","Devin Asiasi","NE","TE","1","2021","2","","","0.00","0","","","0.00","0","","","0.00","0","","","0.00","0","","",""
"380","Codey McElroy","TB","TE","2","2021","2","0.50","","0.00","0","","","0.00","0","","","0.00","0","","","0.00","0","","",""
"381","Matt Bushman","LV","TE","1","2021","2","","","0.00","0","","","0.00","0","","","0.00","0","","","0.00","0","","",""
"382","Tommylee Lewis","MIA","WR","2","2021","2","1.00","3.50","0.85","0","","","0.00","0","","","0.00","0","","","0.00","0","","",""
"383","Jacob Harris","LA","TE","3","2021","2","","","0.00","0","","","0.00","0","","","0.00","0","","","0.00","0","","",""
"384","Isaiah Hodgins","BUF","WR","1","2021","1","","","0.00","0","","","0.00","0","","","0.00","0","","","0.00","0","","",""
"385","Cody Thompson","SEA","WR","3","2021","1","","","0.00","0","","","0.00","0","","","0.00","0","","","0.00","0","","",""
"386","David Wells","ARZ","TE","3","2021","1","","","0.00","0","","","0.00","0","","","0.00","0","","","0.00","0","","",""
"387","DeMichael Harris","IND","WR","1","2021","1","","","0.00","0","","","0.00","0","","","0.00","0","","","0.00","0","","",""
"388","Landen Akers","LA","WR","2","2021","1","","","0.00","0","","","0.00","0","","","0.00","0","","","0.00","0","","",""