Overall_Rank,Name,Team,POS,POS_Rank,Games,FP_total,XFP_total,TGT_total,TGT_per_game,aDOT_mean,AYshare_mean,years_in_data,XGB_FP,Comp_FP,Comp_Names,Proj_FP_2026,OC_Stable,Scheme_Adj,Manual_Adj,Total_Adj,Adj_Note,Proj_FP_Adj,Tier
1,Amon-Ra St. Brown,DET,WR,1,17,324.0,315.0,166,9.764705882352942,7.782352941176471,38.8235294117647,5,331.4,,,331.4,0,0.0,0.0,0.0,,331.4,1
2,Bijan Robinson,ATL,RB,1,17,373.8,317.8,98,5.764705882352941,0.2882352941176471,1.4235294117647057,3,330.4,,,330.4,0,-0.0596,0.05,-0.0126,"Kevin Stefanski: YPRR 1.59 vs 1.65, fit=100%, translation=45% | Manual: Tua to ATL — better passing game opens RPO and run lanes (+5%)",326.2,1
2,Jaxon Smith-Njigba,SEA,WR,2,17,360.90000000000003,301.1,157,9.235294117647058,11.370588235294118,50.45294117647059,3,326.2,,,326.2,0,0.0,0.0,0.0,,326.2,1
4,Jahmyr Gibbs,DET,RB,2,17,367.9,286.3,93,5.470588235294118,0.7470588235294118,1.7,3,325.8,,,325.8,0,0.0,0.0,0.0,,325.8,1
6,De'Von Achane,MIA,RB,3,16,322.8,267.3,85,5.3125,-0.15625,0.6,2,357.9,264.0,"Christian McCaffrey (2023): 393FP, Breece Hall (2024): 243FP, Saquon Barkley (2023): 225FP, Joe Mixon (2023): 267FP, Bijan Robinson (2025): 374FP, Alvin Kamara (2023): 233FP, Rachaad White (2024): 203FP, Travis Etienne (2024): 131FP",325.0,0,-0.085,0.0,-0.085,"Bobby Slowik: YPRR 1.31 vs 1.72, fit=90%, translation=38% | Manual: nan (+0%)",297.4,2
5,Puka Nacua,LA,WR,3,16,376.0,289.5,163,10.1875,9.1875,31.48125,3,314.3,,,314.3,0,0.0,0.0,0.0,,314.3,1
7,Chase Brown,CIN,RB,4,17,282.6,283.3,87,5.117647058823529,0.2647058823529412,0.40588235294117647,3,291.1,,,291.1,1,0.0,0.0,0.0,,291.1,2
8,Derrick Henry,BLT,RB,5,17,282.5,233.2,19,1.1176470588235294,0.7647058823529411,0.40588235294117647,5,279.3,,,279.3,0,0.0,0.0,0.0,,279.3,2
9,James Cook,BUF,RB,6,16,303.7,251.4,40,2.5,0.28125,0.35,4,272.1,,,272.1,0,0.0,0.0,0.0,,272.1,2
10,Jonathan Taylor,IND,RB,7,17,363.3,303.9,54,3.176470588235294,-0.6588235294117647,-0.9176470588235294,5,269.4,,,269.4,1,0.0,0.0,0.0,,269.4,2
12,Christian McCaffrey,SF,RB,8,17,416.6,408.0,122,7.176470588235294,2.3823529411764706,7.676470588235294,5,261.5,,,261.5,1,0.0,0.0,0.0,,261.5,2
13,Ja'Marr Chase,CIN,WR,4,16,314.6,321.6,182,11.375,9.0375,37.575,5,260.8,,,260.8,1,0.0,0.0,0.0,,260.8,2
14,Rashee Rice,KC,WR,5,8,150.1,147.2,77,9.625,4.987500000000001,15.875,3,259.0,,,259.0,0,0.0,0.0,0.0,,259.0,2
16,Ashton Jeanty,LV,RB,10,17,246.1,262.7,69,4.0588235294117645,-0.611764705882353,-5.4,1,262.9,243.1,"Bijan Robinson (2024): 342FP, Jahmyr Gibbs (2024): 364FP, Jerome Ford (2024): 134FP, Bucky Irving (2025): 140FP, Travis Etienne (2023): 282FP, Dameon Pierce (2023): 77FP, De'Von Achane (2025): 323FP, Kenneth Walker (2023): 199FP",251.0,0,0.0,0.0,0.0,,251.0,2
11,Trey McBride,ARZ,TE,1,17,315.9,299.8,165,9.705882352941176,7.023529411764706,25.55294117647059,4,248.6,,,248.6,0,0.065,0.0,0.065,"Nathaniel Hackett: YPRR 2.32 vs 1.64, fit=85%, translation=48% | Manual: nan (+0%)",264.8,1
17,Saquon Barkley,PHI,RB,11,16,233.29999999999998,243.0,50,3.125,0.55625,-0.74375,5,247.5,,,247.5,0,0.0,0.0,0.0,,247.5,3
19,Kyren Williams,LA,RB,12,17,265.3,243.4,47,2.764705882352941,2.2941176470588234,2.3823529411764706,4,243.9,,,243.9,0,0.0,0.0,0.0,,243.9,3
20,Cam Skattebo,NYG,RB,13,8,128.7,119.1,30,3.75,0.4375,-0.30000000000000004,1,261.1,232.1,"Dameon Pierce (2023): 77FP, Jahmyr Gibbs (2024): 364FP, De'Von Achane (2025): 323FP, Bucky Irving (2025): 140FP, Bijan Robinson (2024): 342FP, Jerome Ford (2024): 134FP, Kenneth Walker (2023): 199FP, Travis Etienne (2023): 282FP",243.7,0,0.0,0.0,0.0,,243.7,3
21,D'Andre Swift,CHI,RB,14,16,230.6,210.1,45,2.8125,-1.68125,-1.375,5,242.9,,,242.9,0,0.0,0.0,0.0,,242.9,3
22,Josh Jacobs,GB,RB,15,15,239.1,222.3,43,2.8666666666666667,-0.5866666666666667,-5.959999999999999,5,239.9,,,239.9,1,0.0,0.0,0.0,,239.9,3
24,Chris Olave,NO,WR,7,16,269.0,285.2,151,9.4375,12.606250000000001,41.675,4,235.6,,,235.6,1,0.0,0.0,0.0,,235.6,3
28,George Pickens,DAL,WR,9,17,291.90000000000003,268.9,131,7.705882352941177,11.970588235294118,33.22941176470588,4,225.4,,,225.4,1,0.0,0.0,0.0,,225.4,3
23,Drake London,ATL,WR,6,12,202.9,197.3,108,9.0,11.325000000000001,40.300000000000004,4,225.3,,,225.3,0,-0.0387,0.1,0.0574,"Kevin Stefanski: YPRR 1.81 vs 2.04, fit=70%, translation=45% | Manual: Tua to ATL — accurate field-stretching QB boosts outside WR (+10%)",238.2,3
29,Tony Pollard,TEN,RB,18,17,188.8,202.5,41,2.411764705882353,-0.04117647058823531,-0.3999999999999999,5,224.5,,,224.5,0,-0.0023,0.0,-0.0023,"Brian Daboll: YPRR 1.56 vs 1.57, fit=55%, translation=42% | Manual: nan (+0%)",224.0,3
30,Terry McLaurin,WAS,WR,10,10,114.2,118.0,58,5.8,14.14,38.989999999999995,5,223.0,,,223.0,0,0.0,0.0,0.0,,223.0,3
15,Omarion Hampton,LAC,RB,9,9,135.7,128.3,34,3.7777777777777777,-1.2333333333333334,-2.8,1,234.8,210.4,"Dameon Pierce (2023): 77FP, Jahmyr Gibbs (2024): 364FP, Kenneth Walker (2023): 199FP, Bijan Robinson (2024): 342FP, Jerome Ford (2024): 134FP, Travis Etienne (2023): 282FP, Bucky Irving (2025): 140FP, Tyrone Tracy (2025): 162FP",220.2,0,0.1705,0.0,0.1705,"Mike McDaniel: YPRR 1.61 vs 1.05, fit=70%, translation=55% | Manual: nan (+0%)",257.7,2
18,Kyle Pitts,ATL,TE,2,17,210.8,196.3,116,6.823529411764706,7.411764705882353,21.694117647058825,5,220.1,,,220.1,0,0.0358,0.08,0.1187,"Kevin Stefanski: YPRR 1.57 vs 1.36, fit=65%, translation=45% | Manual: Tua to ATL — seam-threat TE finally gets an accurate QB (+8%)",246.2,2
31,A.J. Brown,NE,WR,11,15,220.3,221.89999999999998,120,8.0,12.033333333333333,37.24,5,216.2,,,216.2,0,0.0,0.0,0.0,,216.2,3
35,Zay Flowers,BLT,WR,13,17,246.3,211.6,117,6.882352941176471,9.829411764705881,36.61176470588235,3,214.2,,,214.2,0,0.0,0.0,0.0,,214.2,3
36,DK Metcalf,PIT,WR,14,15,187.2,190.6,98,6.533333333333333,10.046666666666665,38.766666666666666,5,212.6,,,212.6,0,0.0,0.0,0.0,,212.6,4
26,Travis Etienne,NO,RB,17,17,253.9,238.20000000000002,47,2.764705882352941,-1.6352941176470588,-1.464705882352941,4,208.5,,,208.5,1,0.0994,0.0,0.0994,"Travis Etienne (JAX->NO): NO YPRR 1.83 vs JAX 1.34, fit=75%, translation=50% | Manual: nan (+0%)",229.2,3
37,Tee Higgins,CIN,WR,15,15,211.6,179.9,95,6.333333333333333,14.493333333333334,34.406666666666666,5,206.5,,,206.5,1,0.0,0.0,0.0,,206.5,4
38,Jaylen Warren,PIT,RB,20,16,217.1,201.9,44,2.75,-2.29375,-4.5125,4,205.9,,,205.9,0,0.0,0.0,0.0,,205.9,4
39,Nico Collins,HST,WR,16,15,227.2,237.5,118,7.866666666666666,12.44,36.60666666666667,5,205.4,,,205.4,0,0.0,0.0,0.0,,205.4,4
40,Travis Kelce,KC,TE,4,17,193.2,178.7,105,6.176470588235294,6.976470588235294,18.84705882352941,5,204.0,,,204.0,0,0.0,0.0,0.0,,204.0,3
49,Wan'Dale Robinson,TEN,WR,19,16,217.9,230.4,132,8.25,8.99375,29.625,4,200.7,,,200.7,0,-0.0477,0.0,-0.0477,"Brian Daboll: YPRR 1.56 vs 2.34, fit=65%, translation=42% | Manual: nan (+0%)",191.1,4
42,Breece Hall,NYJ,RB,22,16,209.7,188.7,41,2.5625,0.5375000000000001,0.6124999999999999,4,200.3,,,200.3,0,0.0,0.0,0.0,,200.3,4
25,Rico Dowdle,PIT,RB,16,17,217.3,209.4,46,2.7058823529411766,-1.5176470588235293,-2.929411764705882,4,200.3,,,200.3,1,0.1624,0.0,0.1624,"Rico Dowdle (CAR->PIT): PIT YPRR 1.84 vs CAR 1.27, fit=80%, translation=55% | Manual: nan (+0%)",232.8,3
44,DeVonta Smith,PHI,WR,17,17,201.8,216.8,113,6.647058823529412,12.511764705882353,35.00588235294118,5,198.4,,,198.4,0,0.0,0.0,0.0,,198.4,4
45,Christian Watson,GB,WR,18,10,132.4,106.2,55,5.5,18.72,36.589999999999996,4,197.2,,,197.2,1,0.0,0.0,0.0,,197.2,4
27,Justin Jefferson,MIN,WR,8,17,201.5,255.89999999999998,138,8.117647058823529,10.341176470588236,40.69411764705882,5,196.3,,,196.3,1,0.0,0.15,0.15,Manual: Elite WR1 — injury-shortened 2025 (10 games) suppresses projection; FP WR6 (+15%),225.7,3
47,Bucky Irving,TB,RB,25,10,139.5,148.1,35,3.5,-1.2900000000000003,-2.04,2,219.8,150.8,"Jonathan Taylor (2023): 156FP, James Conner (2023): 202FP, Isiah Pacheco (2024): 57FP, Melvin Gordon (2023): 20FP, Joe Mixon (2023): 267FP, Kenneth Walker (2024): 181FP, Alvin Kamara (2023): 233FP, Latavius Murray (2023): 83FP",195.7,0,0.0,0.0,0.0,,195.7,4
48,Hunter Henry,NE,TE,5,17,178.8,171.9,84,4.9411764705882355,7.417647058823529,15.276470588235293,5,195.5,,,195.5,1,0.0,0.0,0.0,,195.5,3
32,Kenneth Walker,KC,RB,19,17,191.9,184.3,34,2.0,-0.8352941176470587,-2.376470588235294,4,191.6,,,191.6,0,-0.0203,0.15,0.1267,"Kenneth Walker (SEA->KC): KC YPRR 1.51 vs SEA 1.49, fit=65%, translation=50% | Manual: KC featured back; scheme already applied but FP projects 239 FP vs our 188 (+15%)",215.9,4
51,Jakobi Meyers,JAX,WR,21,16,176.8,182.7,105,6.5625,9.65625,28.1375,5,188.6,,,188.6,1,0.0,0.0,0.0,,188.6,4
52,RJ Harvey,DEN,RB,26,17,207.60000000000002,188.5,58,3.411764705882353,0.6176470588235294,-1.4235294117647062,1,172.5,196.6,"Rachaad White (2023): 270FP, Tyjae Spears (2024): 114FP, Tyrone Tracy (2025): 162FP, Jerome Ford (2024): 134FP, Bucky Irving (2025): 140FP, Travis Etienne (2023): 282FP, Zach Charbonnet (2024): 187FP, Bijan Robinson (2024): 342FP",187.0,0,0.0,0.0,0.0,,187.0,4
53,Jaylen Waddle,DEN,WR,22,16,194.1,182.0,98,6.125,12.86875,43.3875,5,186.0,,,186.0,0,0.0,0.0,0.0,,186.0,5
54,Quinshon Judkins,CLV,RB,27,14,169.79999999999998,193.4,34,2.4285714285714284,-0.6714285714285715,-0.9214285714285715,1,192.0,181.6,"Dameon Pierce (2023): 77FP, Kenneth Walker (2023): 199FP, Travis Etienne (2023): 282FP, Brian Robinson (2023): 200FP, Bucky Irving (2025): 140FP, Jerome Ford (2024): 134FP, Tyrone Tracy (2025): 162FP, Jahmyr Gibbs (2024): 364FP",185.8,0,0.0,0.0,0.0,,185.8,5
56,Davante Adams,LA,WR,23,14,222.9,247.4,111,7.928571428571429,13.164285714285715,37.1,5,183.6,,,183.6,0,0.0,0.0,0.0,,183.6,5
33,CeeDee Lamb,DAL,WR,12,14,200.9,236.8,113,8.071428571428571,10.821428571428571,32.114285714285714,5,182.4,,,182.4,1,0.0,0.18,0.18,Manual: Elite WR1 — model penalizes injury-shortened 2025 (14 games); FP WR5 (+18%),215.2,3
57,Courtland Sutton,DEN,WR,24,17,219.7,233.2,120,7.0588235294117645,12.117647058823529,32.970588235294116,5,182.4,,,182.4,0,0.0,0.0,0.0,,182.4,5
57,Tetairoa McMillan,CAR,WR,24,17,212.4,215.4,119,7.0,12.576470588235296,50.13529411764706,1,194.9,174.0,"Marvin Harrison (2025): 128FP, Jordan Addison (2024): 212FP, Zay Flowers (2024): 210FP, Chris Olave (2023): 231FP, Xavier Worthy (2025): 110FP, Ladd McConkey (2025): 181FP, Gabe Davis (2023): 162FP, George Pickens (2023): 209FP",182.4,1,0.0,0.0,0.0,,182.4,5
59,Deebo Samuel,WAS,WR,26,16,188.20000000000002,195.2,98,6.125,5.04375,13.94375,5,180.5,,,180.5,0,0.0,0.0,0.0,,180.5,5
76,Michael Pittman,PIT,WR,36,17,202.4,187.4,108,6.352941176470588,8.411764705882353,20.970588235294116,5,180.2,,,180.2,1,-0.0797,0.0,-0.0797,"Michael Pittman (IND->PIT): PIT YPRR 1.93 vs IND 2.63, fit=65%, translation=50% | Manual: nan (+0%)",165.8,6
61,Tucker Kraft,GB,TE,7,8,117.2,74.9,42,5.25,5.2250000000000005,9.2625,3,180.0,,,180.0,1,0.0,0.0,0.0,,180.0,3
62,Garrett Wilson,NYJ,WR,28,7,99.5,100.0,55,7.857142857142857,11.557142857142859,55.1,4,179.1,,,179.1,0,0.0,0.0,0.0,,179.1,5
176,Keenan Allen,LAC,WR,80,17,182.7,206.5,118,6.9411764705882355,8.782352941176471,22.758823529411764,5,178.8,,,178.8,0,0.0,-0.48,-0.48,Manual: Aging WR at 33 in LAC — FP projects 99 FP vs our 179; limited role expected (-48%),93.0,10
63,Stefon Diggs,NE,WR,29,17,210.3,178.2,100,5.882352941176471,8.152941176470588,20.694117647058825,5,178.0,,,178.0,1,0.0,0.0,0.0,,178.0,6
63,Emeka Egbuka,TB,WR,29,17,195.70000000000002,240.70000000000002,127,7.470588235294118,13.08235294117647,37.62941176470588,1,193.4,167.8,"Marvin Harrison (2025): 128FP, Jordan Addison (2024): 212FP, Chris Olave (2023): 231FP, Zay Flowers (2024): 210FP, Gabe Davis (2023): 162FP, Rome Odunze (2025): 146FP, Xavier Worthy (2025): 110FP, Ladd McConkey (2025): 181FP",178.0,0,0.0,0.0,0.0,,178.0,5
60,Mike Evans,SF,WR,27,8,84.8,127.8,59,7.375,14.675,36.175,5,177.6,,,177.6,0,0.014,0.0,0.014,"Mike Evans (TB->SF): SF YPRR 2.37 vs TB 2.17, fit=55%, translation=45% | Manual: nan (+0%)",180.1,5
65,TreVeyon Henderson,NE,RB,28,17,207.2,175.3,41,2.411764705882353,-0.15882352941176467,-2.6122894697062506e-17,1,147.0,197.3,"Tyrone Tracy (2025): 162FP, Travis Etienne (2023): 282FP, Jerome Ford (2024): 134FP, Bucky Irving (2025): 140FP, Rachaad White (2023): 270FP, Kenneth Walker (2023): 199FP, Zach Charbonnet (2024): 187FP, Isiah Pacheco (2023): 215FP",177.2,1,0.0,0.0,0.0,,177.2,5
66,Romeo Doubs,NE,WR,31,16,165.4,174.1,84,5.25,13.4375,29.1125,4,177.1,,,177.1,1,0.0,0.0,0.0,,177.1,6
67,Chuba Hubbard,CAR,RB,29,15,126.39999999999999,142.9,38,2.533333333333333,-0.8200000000000001,-4.173333333333334,5,176.8,,,176.8,1,0.0,0.0,0.0,,176.8,5
69,Jameson Williams,DET,WR,33,17,219.9,179.4,99,5.823529411764706,13.035294117647059,30.558823529411764,4,176.1,,,176.1,0,0.0,0.0,0.0,,176.1,6
70,Aaron Jones,MIN,RB,30,12,119.7,131.5,37,3.0833333333333335,-0.625,-0.6333333333333333,5,174.4,,,174.4,1,0.0,0.0,0.0,,174.4,5
72,Alec Pierce,IND,WR,34,15,183.3,178.1,84,5.6,19.086666666666666,41.36666666666667,4,170.2,,,170.2,1,0.0,0.0,0.0,,170.2,6
74,Woody Marks,HST,RB,32,16,145.1,178.4,36,2.25,0.55,1.3312499999999998,1,137.5,191.4,"Travis Etienne (2023): 282FP, Tyrone Tracy (2025): 162FP, Jerome Ford (2024): 134FP, Kenneth Walker (2023): 199FP, Bucky Irving (2025): 140FP, Isiah Pacheco (2023): 215FP, Rachaad White (2023): 270FP, Dameon Pierce (2023): 77FP",169.8,0,0.0,0.0,0.0,,169.8,5
34,Brock Bowers,LV,TE,3,12,176.2,157.1,83,6.916666666666667,7.6000000000000005,26.141666666666666,2,181.4,142.9,"Zach Ertz (2023): 52FP, Mark Andrews (2023): 135FP, Dallas Goedert (2023): 136FP, David Njoku (2023): 203FP, George Kittle (2023): 203FP, T.J. Hockenson (2023): 220FP, Dalton Schultz (2023): 152FP, Pat Freiermuth (2023): 77FP",167.9,0,0.0,0.28,0.28,Manual: FP TE1 — elite sophomore TE; model underrates target share and volume (+28%),214.9,3
41,Javonte Williams,DAL,RB,21,16,244.8,252.2,47,2.9375,-1.18125,-1.225,5,166.8,,,166.8,1,0.0,0.21,0.21,Manual: DAL RB with renewed health and clear role; FP projects 224 FP vs our 167 (+21%),201.8,4
285,Devin Singletary,NYG,RB,78,16,108.6,112.8,19,1.1875,0.031250000000000056,-0.6562500000000001,5,166.6,,,166.6,0,0.0,-0.75,-0.75,Manual: Backup behind Skattebo in NYG; FP projects 40 FP (-75%),41.7,10
75,Khalil Shakir,BUF,WR,35,16,167.4,149.4,91,5.6875,3.95,8.875,4,166.4,,,166.4,0,0.0,0.0,0.0,,166.4,6
119,George Kittle,SF,TE,22,11,161.5,121.5,67,6.090909090909091,6.909090909090909,19.60909090909091,5,165.7,,,165.7,1,0.0,-0.25,-0.25,Manual: Age/injury risk at 32 — FP very skeptical (TE33); model over-extrapolates elite FPG (-25%),124.3,5
77,Dalton Kincaid,BUF,TE,9,12,126.10000000000001,86.7,49,4.083333333333333,10.625,22.925,3,164.8,,,164.8,0,0.0,0.0,0.0,,164.8,3
50,Michael Wilson,ARZ,WR,20,17,220.6,235.3,124,7.294117647058823,12.505882352941176,32.16470588235294,3,163.2,,,163.2,0,0.1648,0.0,0.1648,"Nathaniel Hackett: YPRR 2.06 vs 1.18, fit=55%, translation=48% | Manual: nan (+0%)",190.1,4
234,Jacory Croskey-Merritt,WAS,RB,76,17,142.3,133.2,12,0.7058823529411765,-1.1764705882352942,-0.6235294117647059,1,165.6,161.6,"Isiah Pacheco (2023): 215FP, Tyler Allgeier (2023): 138FP, Braelon Allen (2025): 16FP, Travis Etienne (2023): 282FP, Zach Charbonnet (2024): 187FP, Roschon Johnson (2024): 77FP, Brian Robinson (2023): 200FP, Tyrone Tracy (2025): 162FP",163.2,0,0.0,-0.62,-0.62,Manual: Depth RB in WAS — FP projects 59 FP vs our 163 (-62%),62.0,9
222,Jordan Mason,MIN,RB,72,16,129.9,117.3,16,1.0,-1.875,-1.6312499999999999,4,160.1,,,160.1,1,0.0,-0.58,-0.58,Manual: Backup RB in MIN — not the starter; FP projects 71 FP (-58%),67.2,9
78,Tyrone Tracy,NYG,RB,33,15,161.79999999999998,160.1,44,2.933333333333333,0.03999999999999997,0.26000000000000006,2,173.0,135.2,"Jeffery Wilson (2023): 41FP, Devin Singletary (2023): 167FP, David Montgomery (2023): 208FP, Raheem Mostert (2023): 269FP, A.J. Dillon (2023): 118FP, Cordarrelle Patterson (2023): 37FP, Antonio Gibson (2023): 129FP, Latavius Murray (2023): 83FP",159.8,0,0.0,0.0,0.0,,159.8,5
43,Rhamondre Stevenson,NE,RB,23,14,181.8,145.3,37,2.642857142857143,3.8071428571428574,4.485714285714286,5,159.5,,,159.5,1,0.0,0.25,0.25,Manual: NE featured back with expanded role in 2026; FP projects 209 FP (+25%),199.4,4
229,Tyler Allgeier,ATL,RB,74,17,123.0,121.39999999999999,16,0.9411764705882353,-1.3235294117647058,-0.8529411764705882,4,159.3,,,159.3,0,0.0,-0.6,-0.6,Manual: Backup behind Jeremiyah Love in ARZ; FP projects 64 FP (-60%),63.7,9
201,Troy Franklin,DEN,WR,96,17,178.1,204.6,102,6.0,12.535294117647059,30.835294117647063,2,153.1,167.1,"Romeo Doubs (2024): 132FP, D.J. Moore (2023): 288FP, Drake London (2024): 281FP, Donovan Peoples-Jones (2023): 28FP, George Pickens (2024): 165FP, Quentin Johnston (2025): 172FP, Terry McLaurin (2023): 203FP, Mack Hollins (2023): 43FP",158.0,0,0.0,-0.5,-0.5,Manual: Sophomore WR in crowded DEN offense; FP projects 83 FP (-50%),79.0,11
81,Nick Chubb,HST,RB,34,15,88.3,108.9,20,1.3333333333333333,1.3133333333333332,0.58,5,156.9,,,156.9,0,0.0,0.0,0.0,,156.9,5
82,Kenneth Gainwell,TB,RB,35,17,222.29999999999998,211.1,82,4.823529411764706,-0.5529411764705882,-0.9941176470588234,5,156.7,,,156.7,0,-0.0029,0.0,-0.0029,"Zac Robinson: YPRR 1.65 vs 1.73, fit=60%, translation=40% | Kenneth Gainwell (PIT->TB): TB YPRR 1.64 vs PIT 1.84, fit=45%, translation=40% | Manual: nan (+0%)",156.2,6
83,Tyjae Spears,TEN,RB,36,13,111.7,117.7,50,3.8461538461538463,-2.5307692307692307,-6.746153846153846,3,156.1,,,156.1,0,0.0,0.0,0.0,,156.1,6
84,Dalton Schultz,HST,TE,10,17,177.70000000000002,178.9,103,6.0588235294117645,6.641176470588236,16.541176470588233,5,155.5,,,155.5,0,0.0,0.0,0.0,,155.5,3
84,Kyle Monangai,CHI,RB,37,17,146.7,147.7,26,1.5294117647058822,0.5294117647058824,0.3,1,122.0,177.8,"Isiah Pacheco (2023): 215FP, Tyrone Tracy (2025): 162FP, Zach Charbonnet (2024): 187FP, Braelon Allen (2025): 16FP, Roschon Johnson (2024): 77FP, Travis Etienne (2023): 282FP, Rachaad White (2023): 270FP, Jaylen Warren (2023): 198FP",155.5,0,0.0,0.0,0.0,,155.5,6
218,Alvin Kamara,NO,RB,71,11,102.7,131.4,39,3.5454545454545454,1.3181818181818181,1.2545454545454544,5,153.8,,,153.8,1,0.0,-0.55,-0.55,Manual: Age/role concerns at 30 in NO — FP projects 70 FP vs our 154 (-55%),69.2,9
86,Sam LaPorta,DET,TE,11,9,106.89999999999999,75.8,49,5.444444444444445,5.688888888888889,17.788888888888888,3,153.5,,,153.5,0,0.0,0.0,0.0,,153.5,4
87,Rachaad White,WAS,RB,38,17,143.0,152.5,42,2.4705882352941178,-3.0470588235294116,-2.5941176470588236,4,153.1,,,153.1,0,0.0,0.0,0.0,,153.1,6
89,J.K. Dobbins,DEN,RB,39,10,115.9,109.7,14,1.4,-2.7,-1.54,4,151.3,,,151.3,0,0.0,0.0,0.0,,151.3,6
68,Ladd McConkey,LAC,WR,32,16,180.9,195.3,104,6.5,10.625,26.75,2,148.7,155.6,"Donovan Peoples-Jones (2023): 28FP, Courtland Sutton (2023): 193FP, Drake London (2024): 281FP, Adam Thielen (2023): 231FP, Mack Hollins (2023): 43FP, Terry McLaurin (2023): 203FP, Allen Lazard (2023): 60FP, Tyler Lockett (2023): 202FP",151.1,0,0.06,0.1,0.166,"Mike McDaniel: YPRR 2.25 vs 1.95, fit=100%, translation=55% | Manual: McDaniel scheme WR1 — breakout trajectory; FP WR17 (+10%)",176.2,6
90,Brian Thomas,JAX,WR,40,14,138.8,167.7,88,6.285714285714286,14.4,30.442857142857143,2,149.3,153.6,"Brandin Cooks (2023): 173FP, Rashid Shaheed (2024): 75FP, Jordan Addison (2025): 135FP, Kayshon Boutte (2025): 124FP, Mike Williams (2023): 50FP, Drake London (2024): 281FP, Romeo Doubs (2024): 132FP, D.J. Moore (2023): 288FP",150.8,1,0.0,0.0,0.0,,150.8,6
91,Rome Odunze,CHI,WR,41,12,146.1,181.9,88,7.333333333333333,14.333333333333334,38.31666666666667,2,163.9,123.8,"Mike Williams (2023): 50FP, Brandin Cooks (2023): 173FP, Marquise Brown (2023): 135FP, Jordan Addison (2025): 135FP, Chris Olave (2024): 78FP, Jerry Jeudy (2023): 142FP, Christian Watson (2024): 106FP, Courtland Sutton (2023): 193FP",149.9,0,0.0,0.0,0.0,,149.9,6
94,Chris Rodriguez,JAX,RB,41,12,91.8,86.9,4,0.3333333333333333,1.3333333333333333,0.31666666666666665,3,148.8,,,148.8,0,0.0,0.0,0.0,,148.8,6
95,Jaleel McLaughlin,DEN,RB,42,8,31.400000000000002,27.599999999999998,5,0.625,-2.25,-2.8625000000000003,3,146.8,,,146.8,0,0.0,0.0,0.0,,146.8,6
236,Emanuel Wilson,SEA,RB,77,16,94.1,102.7,17,1.0625,-1.5625,-2.125,3,146.3,,,146.3,1,0.0,-0.58,-0.58,Manual: Backup RB in SEA — FP projects 58 FP vs our 146 (-58%),61.4,9
96,Harold Fannin,CLV,TE,12,16,187.4,180.9,104,6.5,5.95625,18.818749999999998,1,194.7,113.7,"Dalton Kincaid (2024): 101FP, Sam LaPorta (2024): 175FP, Chig Okonkwo (2025): 124FP, Brock Bowers (2025): 176FP, Greg Dulcich (2023): 6FP, Cade Otton (2023): 118FP, Luke Musgrave (2024): 12FP, Isaiah Likely (2023): 101FP",146.1,0,0.0,0.0,0.0,,146.1,4
97,Ricky Pearsall,SF,WR,43,9,88.6,115.9,53,5.888888888888889,13.355555555555556,33.144444444444446,2,164.8,110.2,"Christian Watson (2024): 106FP, Allen Robinson (2023): 62FP, D.J. Chark (2023): 116FP, Darnell Mooney (2023): 79FP, Brandin Cooks (2023): 173FP, Nico Collins (2023): 260FP, Mike Williams (2023): 50FP, Julio Jones (2023): 36FP",145.7,1,0.0,0.0,0.0,,145.7,7
97,Juwan Johnson,NO,TE,13,17,181.9,162.0,100,5.882352941176471,7.6647058823529415,16.04705882352941,5,145.7,,,145.7,1,0.0,0.0,0.0,,145.7,4
102,Theo Johnson,NYG,TE,16,15,127.8,138.7,73,4.866666666666666,7.006666666666667,16.346666666666668,2,158.7,120.1,"David Njoku (2023): 203FP, Tyler Conklin (2023): 123FP, Dawson Knox (2023): 55FP, Jake Ferguson (2024): 106FP, Sam LaPorta (2025): 107FP, Gerald Everett (2023): 111FP, Dalton Schultz (2023): 152FP, Pat Freiermuth (2023): 77FP",145.2,0,-0.0368,0.0,-0.0368,"Matt Nagy: YPRR 1.48 vs 2.16, fit=60%, translation=40% | Manual: nan (+0%)",139.9,4
99,T.J. Hockenson,MIN,TE,14,15,112.8,114.1,66,4.4,5.113333333333333,10.813333333333333,5,144.7,,,144.7,1,0.0,0.0,0.0,,144.7,4
73,Bhayshul Tuten,JAX,RB,31,13,89.0,73.2,13,1.0,0.06153846153846153,0.03076923076923074,1,183.2,118.0,"Braelon Allen (2025): 16FP, Jaylen Warren (2023): 198FP, Kimani Vidal (2025): 118FP, Jaleel McLaughlin (2024): 98FP, Roschon Johnson (2024): 77FP, Deon Jackson (2023): 6FP, Isiah Pacheco (2023): 215FP, James Cook (2023): 235FP",144.1,1,0.0,0.18,0.18,Manual: Featured back in JAX — model undersells role expansion; FP RB24 (+18%),170.0,5
100,Isiah Pacheco,DET,RB,43,13,87.3,105.2,26,2.0,-1.2461538461538462,-1.2076923076923078,4,144.1,,,144.1,0,0.0,0.0,0.0,,144.1,6
80,Parker Washington,JAX,WR,38,16,172.7,179.2,90,5.625,11.95625,24.325,3,143.0,,,143.0,1,0.0,0.1,0.1,Manual: JAX WR with expanded starting opportunity; FP projects 185 FP (+10%),157.3,6
106,Calvin Ridley,TEN,WR,46,7,47.3,62.3,34,4.857142857142857,12.185714285714285,25.442857142857143,4,142.5,,,142.5,0,-0.0513,0.0,-0.0513,"Brian Daboll: YPRR 1.56 vs 2.34, fit=70%, translation=42% | Manual: nan (+0%)",135.2,7
101,Brenton Strange,JAX,TE,15,12,118.0,99.0,59,4.916666666666667,6.666666666666667,12.183333333333332,3,141.8,,,141.8,1,0.0,0.0,0.0,,141.8,4
349,Demarcus Robinson,SF,WR,171,14,58.2,64.7,35,2.5,13.957142857142857,15.35,5,140.8,,,140.8,1,0.0,-0.85,-0.85,Manual: Depth WR in SF — non-factor; FP projects 18 FP (-85%),21.1,17
350,Michael Carter,TEN,RB,84,13,99.0,121.1,43,3.3076923076923075,1.7615384615384615,1.823076923076923,5,140.2,,,140.2,0,0.0,-0.85,-0.85,Manual: Depth RB in TEN — not a starter; FP projects 3 FP (-85%),21.0,10
308,Sean Tucker,TB,RB,79,12,85.3,80.7,11,0.9166666666666666,-0.375,-0.25833333333333336,3,138.3,,,138.3,0,0.0,-0.75,-0.75,Manual: Backup RB behind Bucky Irving in TB; FP projects 29 FP (-75%),34.6,10
46,David Montgomery,HST,RB,24,17,167.9,154.1,28,1.6470588235294117,0.6529411764705882,0.40588235294117647,5,138.2,,,138.2,0,-0.1666,0.7,0.4168,"David Montgomery (DET->HST): HST YPRR 1.31 vs DET 2.66, fit=65%, translation=50% | Manual: New feature back in HST — clear WR1 role; model undersells from DET committee; FP projects 218 FP (+70%)",195.8,4
71,Tyler Warren,IND,TE,8,17,188.5,192.4,106,6.235294117647059,5.688235294117647,15.117647058823529,1,176.5,111.6,"Dalton Kincaid (2024): 101FP, Sam LaPorta (2024): 175FP, Chig Okonkwo (2025): 124FP, Brock Bowers (2025): 176FP, Cade Otton (2023): 118FP, Greg Dulcich (2023): 6FP, Isaiah Likely (2023): 101FP, Luke Musgrave (2024): 12FP",137.6,1,0.0,0.25,0.25,Manual: TE1-caliber talent — comp pool undersells role/volume; FP TE3 (+25%),172.0,3
88,DJ Moore,BUF,WR,39,17,171.2,164.3,82,4.823529411764706,12.229411764705883,22.147058823529413,1,113.1,152.1,"George Pickens (2023): 209FP, Xavier Worthy (2025): 110FP, Rome Odunze (2025): 146FP, Xavier Legette (2025): 89FP, Alec Pierce (2023): 95FP, Josh Downs (2024): 184FP, Jordan Addison (2024): 212FP, Gabe Davis (2023): 162FP",136.5,0,0.112,0.0,0.112,"DJ Moore (CHI->BUF): BUF YPRR 2.65 vs CHI 2.04, fit=85%, translation=60% | Manual: nan (+0%)",151.8,6
104,Jauan Jennings,MIN,WR,45,15,174.3,166.0,86,5.733333333333333,10.253333333333334,25.933333333333334,5,136.5,,,136.5,1,0.0,0.0,0.0,,136.5,7
105,Darren Waller,MIA,TE,17,9,88.7,64.5,34,3.7777777777777777,10.477777777777778,25.48888888888889,4,135.6,,,135.6,0,0.0,0.0,0.0,,135.6,4
111,Chris Godwin,TB,WR,49,9,83.0,79.9,48,5.333333333333333,6.722222222222222,15.822222222222223,5,135.2,,,135.2,0,-0.0229,0.0,-0.0229,"Zac Robinson: YPRR 2.04 vs 2.29, fit=80%, translation=40% | Manual: nan (+0%)",132.1,7
106,Dylan Sampson,CLV,RB,44,15,88.60000000000001,88.0,38,2.533333333333333,-0.9400000000000001,-2.126666666666667,1,158.4,119.8,"James Cook (2023): 235FP, Jaleel McLaughlin (2024): 98FP, Jaylen Warren (2023): 198FP, Braelon Allen (2025): 16FP, Roschon Johnson (2024): 77FP, Ray Davis (2025): 58FP, Deon Jackson (2023): 6FP, Trey Benson (2025): 35FP",135.2,0,0.0,0.0,0.0,,135.2,6
108,Josh Downs,IND,WR,47,16,137.4,143.8,84,5.25,8.05,17.368750000000002,3,132.9,,,132.9,1,0.0,0.0,0.0,,132.9,7
109,Dallas Goedert,PHI,TE,18,15,185.1,149.1,80,5.333333333333333,7.266666666666667,16.3,5,132.6,,,132.6,0,0.0,0.0,0.0,,132.6,4
110,Jordan Addison,MIN,WR,48,14,135.1,134.0,73,5.214285714285714,14.142857142857142,31.54285714285714,3,132.3,,,132.3,1,0.0,0.0,0.0,,132.3,7
91,Keaton Mitchell,LAC,RB,40,12,52.3,49.9,12,1.0,-1.5,-1.8833333333333335,3,132.2,,,132.2,0,0.134,0.0,0.134,"Mike McDaniel: YPRR 1.61 vs 1.05, fit=55%, translation=55% | Manual: nan (+0%)",149.9,6
112,Chig Okonkwo,WAS,TE,19,17,124.0,130.4,78,4.588235294117647,5.035294117647059,9.311764705882354,2,150.5,95.8,"Noah Fant (2023): 73FP, Robert Tonyan (2023): 22FP, Tyler Conklin (2023): 123FP, Hunter Henry (2023): 120FP, Cole Kmet (2023): 181FP, Gerald Everett (2023): 111FP, Tucker Kraft (2025): 117FP, Jordan Akins (2023): 28FP",131.4,0,0.0,0.0,0.0,,131.4,5
113,Mark Andrews,BLT,TE,20,17,131.0,139.8,67,3.9411764705882355,8.223529411764707,17.394117647058824,5,130.2,,,130.2,0,0.0,0.0,0.0,,130.2,5
114,Zach Ertz,WAS,TE,21,13,126.4,137.2,71,5.461538461538462,9.161538461538461,21.45384615384615,5,128.2,,,128.2,0,0.0,0.0,0.0,,128.2,5
322,Emari Demercado,KC,RB,80,11,59.3,54.4,19,1.7272727272727273,0.6727272727272727,0.8272727272727274,3,127.2,,,127.2,0,0.0,-0.75,-0.75,Manual: Depth RB in KC committee; FP projects 32 FP (-75%),31.8,10
115,Ty Johnson,BUF,RB,45,17,100.3,87.6,31,1.8235294117647058,-0.3470588235294117,-2.5941176470588236,5,125.7,,,125.7,0,0.0,0.0,0.0,,125.7,6
117,Tank Bigsby,PHI,RB,47,10,44.1,48.6,4,0.4,-0.6,-0.18,3,124.5,,,124.5,0,0.0,0.0,0.0,,124.5,7
118,Tre Tucker,LV,WR,50,17,161.7,172.1,90,5.294117647058823,9.664705882352942,25.41764705882353,3,124.4,,,124.4,0,0.0,0.0,0.0,,124.4,7
120,Justice Hill,BLT,RB,48,10,65.2,52.9,27,2.7,-0.5700000000000001,-1.19,4,124.1,,,124.1,0,0.0,0.0,0.0,,124.1,7
79,Marvin Harrison,ARZ,WR,37,12,127.80000000000001,146.9,73,6.083333333333333,14.541666666666666,35.483333333333334,2,129.7,112.6,"Brandin Cooks (2023): 173FP, Mike Williams (2023): 50FP, Jordan Addison (2025): 135FP, D.J. Chark (2023): 116FP, Darnell Mooney (2023): 79FP, Rashid Shaheed (2024): 75FP, Christian Watson (2024): 106FP, Quentin Johnston (2025): 172FP",123.7,0,0.2846,0.0,0.2846,"Nathaniel Hackett: YPRR 2.06 vs 1.18, fit=95%, translation=48% | Manual: nan (+0%)",158.9,6
121,Darius Slayton,NYG,WR,51,14,99.8,122.7,61,4.357142857142857,14.071428571428571,26.521428571428572,5,122.9,,,122.9,0,0.0,0.0,0.0,,122.9,7
122,Ollie Gordon,MIA,RB,49,16,54.1,61.9,9,0.5625,-1.4375,-0.7000000000000001,1,160.2,93.8,"Braelon Allen (2025): 16FP, Jaylen Wright (2025): 49FP, Justice Hill (2023): 110FP, Jaylen Warren (2023): 198FP, Tank Bigsby (2024): 130FP, Jaleel McLaughlin (2024): 98FP, Kimani Vidal (2025): 118FP, Roschon Johnson (2024): 77FP",120.4,0,0.0,0.0,0.0,,120.4,7
359,Bam Knight,ARZ,RB,85,9,94.1,112.4,30,3.3333333333333335,0.7333333333333333,0.6000000000000001,1,135.5,108.6,"Deon Jackson (2023): 6FP, Tyrone Tracy (2025): 162FP, Rachaad White (2023): 270FP, Roschon Johnson (2024): 77FP, Jerome Ford (2024): 134FP, Tyjae Spears (2024): 114FP, Dameon Pierce (2023): 77FP, Emari Demercado (2024): 55FP",119.4,0,0.0,-0.85,-0.85,Manual: Depth RB behind Jeremiyah Love in ARZ; FP projects 2 FP (-85%),17.9,10
55,Colston Loveland,CHI,TE,6,16,165.1,138.5,80,5.0,9.48125,17.29375,1,156.1,92.3,"Dalton Kincaid (2024): 101FP, Sam LaPorta (2024): 175FP, Chig Okonkwo (2025): 124FP, Greg Dulcich (2023): 6FP, Luke Musgrave (2024): 12FP, Ja'Tavion Sanders (2025): 54FP, Theo Johnson (2025): 128FP, Chigoziem Okonkwo (2023): 113FP",117.8,0,0.0,0.57,0.57,Manual: Elite rookie TE profile — comp pool skewed by injury busts; FP TE2 at 185 FP (+57%),184.9,3
125,Samaje Perine,CIN,RB,50,14,79.4,77.0,20,1.4285714285714286,-1.2285714285714284,-0.8714285714285713,5,117.7,,,117.7,1,0.0,0.0,0.0,,117.7,7
361,Tyler Badie,DEN,RB,86,16,35.4,51.2,30,1.875,-2.18125,-3.1500000000000004,3,116.2,,,116.2,0,0.0,-0.85,-0.85,Manual: Depth RB in DEN — non-factor; FP projects 11 FP (-85%),17.4,10
127,Dontayvion Wicks,PHI,WR,54,14,75.8,79.7,44,3.142857142857143,9.185714285714285,17.12857142857143,3,115.2,,,115.2,1,0.0,0.0,0.0,,115.2,8
124,Quentin Johnston,LAC,WR,53,14,172.2,145.3,79,5.642857142857143,11.992857142857144,26.892857142857142,3,114.6,,,114.6,0,0.036,0.0,0.036,"Mike McDaniel: YPRR 2.25 vs 1.95, fit=60%, translation=55% | Manual: nan (+0%)",118.7,7
365,Dyami Brown,WAS,WR,176,13,51.300000000000004,81.5,37,2.8461538461538463,13.515384615384615,14.915384615384616,5,114.2,,,114.2,1,0.0,-0.85,-0.85,Manual: Depth WR in WAS — non-factor; FP projects 6 FP (-85%),17.1,18
130,Jaylen Wright,MIA,RB,51,9,48.8,56.4,9,1.0,-1.7222222222222223,-2.988888888888889,2,153.4,37.1,"Mike Boone (2023): 13FP, Dare Ogunbowale (2023): 7FP, Ty Chandler (2024): 28FP, Zamir White (2024): 31FP, Sean Tucker (2025): 85FP, Clyde Edwards-Helaire (2023): 70FP, DeeJay Dallas (2023): 10FP, Emari Demercado (2025): 59FP",112.7,0,0.0,0.0,0.0,,112.7,7
131,Brian Robinson,ATL,RB,52,17,62.5,71.2,12,0.7058823529411765,-0.22352941176470587,-0.08235294117647061,4,112.6,,,112.6,1,0.0,0.0,0.0,,112.6,7
132,Zach Charbonnet,SEA,RB,53,16,181.4,170.4,24,1.5,1.2625,1.0875000000000001,3,112.5,,,112.5,0,0.0,0.0,0.0,,112.5,7
149,Cade Otton,TB,TE,28,16,122.2,123.5,80,5.0,5.09375,10.9,4,112.4,,,112.4,0,-0.0577,0.0,-0.0577,"Zac Robinson: YPRR 1.36 vs 2.05, fit=55%, translation=40% | Manual: nan (+0%)",105.9,6
139,Darnell Mooney,NYG,WR,56,15,82.3,138.9,71,4.733333333333333,14.32,28.913333333333334,5,112.3,,,112.3,0,-0.0249,0.0,-0.0249,"Kevin Stefanski: YPRR 1.81 vs 2.04, fit=45%, translation=45% | Manual: nan (+0%)",109.5,8
134,Malik Davis,DAL,RB,55,8,40.0,37.9,5,0.625,0.875,0.8625,2,148.7,42.1,"Tyler Goodson (2025): 5FP, Mike Boone (2023): 13FP, Zack Moss (2023): 170FP, Ty Johnson (2023): 32FP, Darrell Henderson (2023): 44FP, Pierre Strong (2024): 35FP, DeeJay Dallas (2023): 10FP, Damien Harris (2023): 17FP",111.4,1,0.0,0.0,0.0,,111.4,7
135,Treylon Burks,WAS,WR,55,8,29.0,52.5,23,2.875,14.65,20.475,4,110.8,,,110.8,0,0.0,0.0,0.0,,110.8,8
136,AJ Barner,SEA,TE,26,17,147.3,123.3,64,3.764705882352941,5.894117647058824,8.75294117647059,2,120.7,90.2,"Noah Fant (2023): 73FP, Hunter Henry (2023): 120FP, Tucker Kraft (2025): 117FP, Jordan Akins (2023): 28FP, Robert Tonyan (2023): 22FP, Brenton Strange (2025): 118FP, Mike Gesicki (2023): 65FP, Cole Kmet (2023): 181FP",110.0,0,0.0,0.0,0.0,,110.0,5
137,Kareem Hunt,KC,RB,56,17,146.4,144.4,23,1.3529411764705883,0.3,0.17647058823529413,5,109.9,,,109.9,0,0.0,0.0,0.0,,109.9,7
138,Brashard Smith,KC,RB,57,17,63.3,80.89999999999999,34,2.0,-0.9941176470588234,-1.7941176470588236,1,125.9,99.1,"Jaleel McLaughlin (2024): 98FP, James Cook (2023): 235FP, Jaylen Warren (2023): 198FP, Braelon Allen (2025): 16FP, Ray Davis (2025): 58FP, Chris Brooks (2025): 33FP, Raheem Blackshear (2023): 14FP, Emari Demercado (2024): 55FP",109.8,0,0.0,0.0,0.0,,109.8,7
139,Evan Engram,DEN,TE,27,16,102.8,119.4,74,4.625,4.34375,12.56875,5,109.5,,,109.5,0,0.0,0.0,0.0,,109.5,6
141,Tez Johnson,TB,WR,57,16,92.4,83.5,42,2.625,11.40625,12.775,1,119.2,102.8,"Tre Tucker (2024): 129FP, Troy Franklin (2025): 178FP, Dontayvion Wicks (2024): 110FP, KaVontae Turpin (2025): 86FP, Jalin Hyatt (2024): 14FP, Trey Palmer (2024): 35FP, Marvin Mims (2024): 130FP, Calvin Austin (2024): 114FP",109.4,0,0.0,0.0,0.0,,109.4,8
143,DeAndre Hopkins,BLT,WR,59,17,67.0,66.5,35,2.0588235294117645,15.141176470588235,14.988235294117647,5,108.9,,,108.9,0,0.0,0.0,0.0,,108.9,8
144,Cooper Kupp,SEA,WR,60,16,118.3,125.0,68,4.25,8.9375,15.9125,5,108.3,,,108.3,0,0.0,0.0,0.0,,108.3,8
145,Kendrick Bourne,ARZ,WR,61,16,92.1,82.60000000000001,52,3.25,9.91875,13.11875,5,107.7,,,107.7,1,0.0,0.0,0.0,,107.7,8
146,Matthew Golden,GB,WR,62,14,70.0,77.9,42,3.0,14.049999999999999,21.642857142857142,1,118.3,100.2,"Troy Franklin (2025): 178FP, Tre Tucker (2024): 129FP, Jalin Hyatt (2024): 14FP, Tyquan Thornton (2023): 27FP, Marvin Mims (2024): 130FP, Justin Watson (2023): 90FP, Cedric Tillman (2024): 81FP, Dontayvion Wicks (2024): 110FP",107.4,1,0.0,0.0,0.0,,107.4,8
147,Elic Ayomanor,TEN,WR,63,16,116.5,155.7,86,5.375,12.425,33.075,1,90.2,118.7,"Xavier Legette (2025): 89FP, Rome Odunze (2025): 146FP, Quentin Johnston (2024): 175FP, Alec Pierce (2023): 95FP, George Pickens (2023): 209FP, Jonathan Mingo (2024): 33FP, Trey Palmer (2024): 35FP, Josh Downs (2024): 184FP",107.3,0,0.0,0.0,0.0,,107.3,8
93,Luther Burden,CHI,WR,42,15,127.9,97.60000000000001,60,4.0,6.38,11.58,1,120.4,97.8,"Dontayvion Wicks (2024): 110FP, Richie James (2023): 20FP, KaVontae Turpin (2025): 86FP, Devaughn Vele (2025): 66FP, Christian Watson (2023): 101FP, Romeo Doubs (2023): 174FP, Malik Washington (2025): 112FP, Demario Douglas (2024): 148FP",106.8,0,0.0,0.4,0.4,Manual: Clear CHI WR1 opportunity in 2026; FP projects 174 FP (+40%),149.5,7
148,Jerry Jeudy,CLV,WR,64,17,121.7,192.1,104,6.117647058823529,12.835294117647058,38.61176470588235,5,106.5,,,106.5,0,0.0,0.0,0.0,,106.5,8
150,Rashod Bateman,BLT,WR,65,13,55.4,61.8,36,2.769230769230769,12.446153846153846,17.107692307692307,5,105.6,,,105.6,0,0.0,0.0,0.0,,105.6,8
133,Kimani Vidal,LAC,RB,54,13,117.9,132.9,21,1.6153846153846154,-1.0615384615384615,-0.7153846153846154,2,130.1,57.6,"Latavius Murray (2023): 83FP, Kenyan Drake (2023): 4FP, Cordarrelle Patterson (2023): 37FP, Khalil Herbert (2023): 114FP, James Robinson (2023): 1FP, Dameon Pierce (2024): 44FP, Ezekiel Elliott (2023): 176FP, Damien Harris (2023): 17FP",104.7,0,0.0731,0.0,0.0731,"Mike McDaniel: YPRR 1.61 vs 1.05, fit=30%, translation=55% | Manual: nan (+0%)",112.4,7
151,Rashid Shaheed,SEA,WR,66,18,145.6,161.9,89,4.944444444444445,9.738888888888889,22.294444444444444,4,104.7,,,104.7,0,0.0,0.0,0.0,,104.7,9
116,Blake Corum,LA,RB,46,17,122.2,120.6,14,0.8235294117647058,0.723529411764706,-0.01764705882352943,2,113.4,86.5,"Emanuel Wilson (2025): 94FP, Jaleel McLaughlin (2025): 31FP, Alexander Mattison (2023): 135FP, Kareem Hunt (2023): 118FP, Tank Bigsby (2025): 44FP, Kenneth Gainwell (2023): 98FP, Justice Hill (2024): 127FP, Jeffery Wilson (2023): 41FP",104.0,0,0.0,0.2,0.2,Manual: New featured starter in LAR — comp pool misses role expansion; FP RB37 (+20%),124.8,6
152,Jake Tonges,SF,TE,29,13,93.3,85.3,45,3.4615384615384617,3.9846153846153842,6.823076923076924,3,103.8,,,103.8,1,0.0,0.0,0.0,,103.8,6
153,Julius Chestnut,TEN,RB,58,6,3.4,10.5,2,0.3333333333333333,3.0,1.1166666666666667,4,102.8,,,102.8,0,0.0,0.0,0.0,,102.8,7
154,Michael Mayer,LV,TE,30,13,73.8,76.89999999999999,49,3.769230769230769,4.4692307692307685,11.569230769230769,3,102.6,,,102.6,0,0.0,0.0,0.0,,102.6,6
155,Mike Gesicki,CIN,TE,31,13,70.7,81.8,42,3.230769230769231,9.123076923076923,12.46923076923077,5,102.5,,,102.5,1,0.0,0.0,0.0,,102.5,6
156,Chimere Dike,TEN,WR,67,17,115.1,150.3,72,4.235294117647059,6.982352941176471,16.376470588235293,1,76.3,116.5,"Jaxon Smith-Njigba (2024): 253FP, Trey Palmer (2024): 35FP, Xavier Legette (2025): 89FP, Josh Downs (2024): 184FP, Richie James (2023): 20FP, Alec Pierce (2023): 95FP, Demario Douglas (2024): 148FP, Cedric Tillman (2024): 81FP",100.4,0,0.0,0.0,0.0,,100.4,9
157,Xavier Legette,CAR,WR,68,15,89.3,116.6,61,4.066666666666666,11.906666666666666,22.026666666666667,2,99.1,102.3,"Michael Wilson (2025): 221FP, Tutu Atwell (2024): 99FP, Kayshon Boutte (2025): 124FP, Marvin Jones (2023): 8FP, Michael Gallup (2023): 88FP, Chase Claypool (2023): 22FP, Calvin Austin (2025): 86FP, Elijah Moore (2023): 134FP",100.2,1,0.0,0.0,0.0,,100.2,9
158,Marquise Brown,PHI,WR,69,16,137.7,139.0,72,4.5,12.29375,21.3125,5,100.1,,,100.1,0,0.0,0.0,0.0,,100.1,9
159,Dare Ogunbowale,HST,RB,59,14,18.6,29.1,13,0.9285714285714286,0.5571428571428572,1.4357142857142855,5,99.9,,,99.9,0,0.0,0.0,0.0,,99.9,8
161,Jayden Higgins,HST,WR,70,17,129.5,125.30000000000001,68,4.0,11.58235294117647,18.435294117647057,1,86.6,108.2,"Xavier Legette (2025): 89FP, Trey Palmer (2024): 35FP, Dontayvion Wicks (2024): 110FP, Alec Pierce (2023): 95FP, Quentin Johnston (2024): 175FP, Troy Franklin (2025): 178FP, Josh Downs (2024): 184FP, Jalin Hyatt (2024): 14FP",99.6,0,0.0,0.0,0.0,,99.6,9
160,David Njoku,LAC,TE,32,12,86.3,74.9,45,3.75,4.208333333333333,8.641666666666667,5,99.1,,,99.1,0,0.0067,0.0,0.0067,"Mike McDaniel: YPRR 1.80 vs 1.84, fit=60%, translation=55% | Manual: nan (+0%)",99.8,6
162,Isaiah Davis,NYJ,RB,60,16,71.2,64.8,27,1.6875,0.85625,-0.08749999999999994,2,116.5,65.5,"Kenneth Gainwell (2023): 98FP, Jamycal Hasty (2023): 0FP, Alexander Mattison (2023): 135FP, Jaleel McLaughlin (2025): 31FP, Justice Hill (2024): 127FP, Boston Scott (2023): 15FP, Emanuel Wilson (2025): 94FP, Roschon Johnson (2025): 1FP",98.7,0,0.0,0.0,0.0,,98.7,8
163,LeQuint Allen,JAX,RB,61,17,24.8,33.5,11,0.6470588235294118,-0.7941176470588235,-0.45294117647058824,1,107.6,92.1,"Justice Hill (2023): 110FP, Chris Brooks (2025): 33FP, Emari Demercado (2024): 55FP, Jaylen Wright (2025): 49FP, Jaylen Warren (2023): 198FP, Braelon Allen (2025): 16FP, Zach Charbonnet (2024): 187FP, Jaleel McLaughlin (2024): 98FP",98.3,1,0.0,0.0,0.0,,98.3,8
164,Ray Davis,BUF,RB,62,16,58.1,53.4,13,0.8125,-0.0625,0.41875,2,100.4,93.8,"Tyler Allgeier (2024): 106FP, Chuba Hubbard (2023): 182FP, Sean Tucker (2025): 85FP, Rico Dowdle (2024): 200FP, Dare Ogunbowale (2023): 7FP, Matt Breida (2023): 46FP, Gus Edwards (2024): 64FP, Ty Chandler (2024): 28FP",98.1,0,0.0,0.0,0.0,,98.1,8
165,Josh Palmer,BUF,WR,71,12,52.3,68.4,37,3.0833333333333335,10.408333333333333,14.15,5,97.9,,,97.9,0,0.0,0.0,0.0,,97.9,9
165,Tory Horton,SEA,WR,71,8,59.1,49.7,22,2.75,17.1625,17.9125,1,103.6,94.1,"Jalen Coker (2025): 91FP, Ricky Pearsall (2025): 89FP, Keon Coleman (2025): 103FP, Treylon Burks (2023): 40FP, Rashid Shaheed (2023): 151FP, Kevin Austin (2025): 33FP, Jahan Dotson (2023): 125FP, Michael Wilson (2024): 126FP",97.9,0,0.0,0.0,0.0,,97.9,9
126,Jake Ferguson,DAL,TE,23,17,190.1,191.5,100,5.882352941176471,5.917647058823529,8.876470588235295,4,97.7,,,97.7,1,0.0,0.2,0.2,Manual: Established TE1 in high-volume DAL offense — FP TE9 (+20%),117.2,5
167,Marquez Valdes-Scantling,SF,WR,73,10,32.0,57.1,29,2.9,11.3,14.379999999999999,5,97.2,,,97.2,1,0.0,0.0,0.0,,97.2,9
168,Ameer Abdullah,IND,RB,63,12,36.9,32.1,16,1.3333333333333333,0.0,-0.5416666666666666,5,96.8,,,96.8,1,0.0,0.0,0.0,,96.8,8
169,Isaac TeSlaa,DET,WR,74,17,75.9,63.2,27,1.588235294117647,12.758823529411766,10.799999999999999,1,82.9,105.4,"Tre Tucker (2024): 129FP, Jalin Hyatt (2024): 14FP, Justin Watson (2023): 90FP, Troy Franklin (2025): 178FP, Marvin Mims (2024): 130FP, KaVontae Turpin (2025): 86FP, Calvin Austin (2024): 114FP, Dontayvion Wicks (2024): 110FP",96.4,0,0.0,0.0,0.0,,96.4,9
170,Isaiah Bond,CLV,WR,75,16,54.7,83.1,41,2.5625,15.4375,20.1625,1,88.0,101.6,"Jalin Hyatt (2024): 14FP, Troy Franklin (2025): 178FP, Justin Watson (2023): 90FP, Tre Tucker (2024): 129FP, Quentin Johnston (2024): 175FP, Marvin Mims (2024): 130FP, Adonai Mitchell (2025): 89FP, Trey Palmer (2024): 35FP",96.2,0,0.0,0.0,0.0,,96.2,9
171,Xavier Worthy,KC,WR,76,14,109.9,149.1,72,5.142857142857143,11.857142857142858,29.2,2,93.5,97.3,"Michael Gallup (2023): 88FP, Kayshon Boutte (2025): 124FP, Marvin Jones (2023): 8FP, Chase Claypool (2023): 22FP, Darnell Mooney (2023): 79FP, Michael Wilson (2025): 221FP, Tutu Atwell (2024): 99FP, Quentin Johnston (2025): 172FP",94.8,0,0.0,0.0,0.0,,94.8,9
174,KaVontae Turpin,DAL,WR,78,15,85.5,78.4,38,2.533333333333333,10.793333333333333,8.566666666666666,2,118.0,48.4,"Phillip Dorsett (2023): 0FP, Tre'Quan Smith (2023): 0FP, Terrace Marshall (2023): 33FP, Jalen Brooks (2025): 7FP, Jalen Tolbert (2024): 152FP, Scott Miller (2023): 39FP, Kalif Raymond (2023): 97FP, Nelson Agholor (2023): 97FP",93.6,1,0.0,0.0,0.0,,93.6,10
175,Adonai Mitchell,NYJ,WR,79,16,88.89999999999999,133.0,73,4.5625,14.375,32.41875,2,98.1,84.9,"Dontayvion Wicks (2025): 76FP, Calvin Austin (2025): 86FP, Tutu Atwell (2024): 99FP, Terrace Marshall (2023): 33FP, Kayshon Boutte (2025): 124FP, Rashid Shaheed (2024): 75FP, Justin Watson (2024): 63FP, Romeo Doubs (2024): 132FP",93.5,1,0.0,0.0,0.0,,93.5,10
173,Oronde Gadsden,LAC,TE,33,15,132.4,131.9,68,4.533333333333333,9.26,17.333333333333332,1,115.4,78.8,"Dalton Kincaid (2024): 101FP, Chig Okonkwo (2025): 124FP, Greg Dulcich (2023): 6FP, Luke Musgrave (2024): 12FP, Theo Johnson (2025): 128FP, Ja'Tavion Sanders (2025): 54FP, Michael Mayer (2024): 37FP, Sam LaPorta (2024): 175FP",93.4,0,0.0072,0.0,0.0072,"Mike McDaniel: YPRR 1.80 vs 1.84, fit=65%, translation=55% | Manual: nan (+0%)",94.1,6
330,Dont'e Thornton,LV,WR,163,14,23.5,62.3,30,2.142857142857143,14.035714285714286,20.52857142857143,1,98.4,89.4,"Troy Franklin (2025): 178FP, Tre Tucker (2024): 129FP, Cedric Tillman (2024): 81FP, Tyquan Thornton (2023): 27FP, Jalin Hyatt (2024): 14FP, Justin Watson (2023): 90FP, Tyler Scott (2024): 2FP, Marvin Mims (2024): 130FP",93.0,0,0.0,-0.7,-0.7,Manual: Depth WR in LV — limited role; FP projects 26 FP (-70%),27.9,17
177,Hunter Renfrow,CAR,WR,81,6,35.9,44.2,23,3.8333333333333335,7.216666666666666,12.833333333333334,4,92.4,,,92.4,1,0.0,0.0,0.0,,92.4,10
178,Jaylin Lane,WAS,WR,82,14,38.2,47.9,31,2.2142857142857144,15.035714285714286,13.335714285714285,1,85.6,95.4,"Tre Tucker (2024): 129FP, Troy Franklin (2025): 178FP, Marvin Mims (2024): 130FP, Justin Watson (2023): 90FP, Jalin Hyatt (2024): 14FP, Skyy Moore (2023): 54FP, Adonai Mitchell (2025): 89FP, Malik Heath (2024): 32FP",91.5,0,0.0,0.0,0.0,,91.5,10
172,Tutu Atwell,MIA,WR,77,10,31.2,33.8,15,1.5,14.8,7.43,4,91.0,,,91.0,0,0.0349,0.0,0.0349,"Bobby Slowik: YPRR 2.01 vs 1.80, fit=55%, translation=38% | Manual: nan (+0%)",94.2,9
180,DeMario Douglas,NE,WR,84,17,95.8,89.9,44,2.588235294117647,9.18235294117647,9.75294117647059,1,96.0,86.3,"KaVontae Turpin (2025): 86FP, Marvin Mims (2024): 130FP, Skyy Moore (2023): 54FP, Calvin Austin (2024): 114FP, Tre Tucker (2024): 129FP, Tyler Scott (2024): 2FP, John Metchie (2024): 55FP, Dontayvion Wicks (2024): 110FP",90.2,1,0.0,0.0,0.0,,90.2,10
181,Travis Hunter,JAX,WR,85,7,63.800000000000004,79.2,44,6.285714285714286,8.871428571428572,18.542857142857144,1,109.1,77.4,"Treylon Burks (2023): 40FP, Jahan Dotson (2023): 125FP, Jalen Coker (2025): 91FP, Ricky Pearsall (2025): 89FP, Jalen McMillan (2025): 30FP, Tank Dell (2024): 140FP, Devaughn Vele (2025): 66FP, Kevin Austin (2025): 33FP",90.1,1,0.0,0.0,0.0,,90.1,10
340,Devin Neal,NO,RB,82,9,60.0,65.5,19,2.111111111111111,-1.1555555555555557,-1.5666666666666667,1,115.3,72.1,"Deon Jackson (2023): 6FP, Emari Demercado (2024): 55FP, Roschon Johnson (2024): 77FP, Chris Brooks (2025): 33FP, Zach Charbonnet (2024): 187FP, Tank Bigsby (2024): 130FP, J.K. Dobbins (2023): 12FP, Kimani Vidal (2025): 118FP",89.4,1,0.0,-0.72,-0.72,Manual: Depth RB in NO — limited role; FP projects 24 FP (-72%),25.0,10
182,Hassan Haskins,LAC,RB,64,6,8.3,11.1,4,0.6666666666666666,-0.08333333333333333,0.01666666666666668,3,88.7,,,88.7,0,0.0,0.0,0.0,,88.7,8
183,Kalif Raymond,CHI,WR,86,14,60.8,48.2,28,2.0,6.0,5.235714285714286,5,88.6,,,88.6,0,0.0,0.0,0.0,,88.6,10
184,Luke McCaffrey,WAS,WR,87,7,51.3,29.400000000000002,15,2.142857142857143,17.157142857142855,14.142857142857142,2,106.1,55.5,"Jameson Williams (2024): 212FP, Treylon Burks (2024): 8FP, Byron Pringle (2023): 29FP, Tyquan Thornton (2024): 9FP, Amari Rodgers (2023): 0FP, Julio Jones (2023): 36FP, Christian Watson (2024): 106FP, Damiere Byrd (2023): 0FP",88.4,0,0.0,0.0,0.0,,88.4,10
185,Tyler Goodson,IND,RB,65,7,5.2,10.1,3,0.42857142857142855,-0.21428571428571427,-0.07142857142857142,3,88.3,,,88.3,1,0.0,0.0,0.0,,88.3,8
186,Greg Dulcich,MIA,TE,34,10,63.8,55.1,31,3.1,5.1,8.91,4,87.4,,,87.4,0,0.0,0.0,0.0,,87.4,6
187,Gabe Davis,BUF,WR,88,6,30.9,37.1,18,3.0,9.066666666666666,17.45,4,87.3,,,87.3,0,0.0,0.0,0.0,,87.3,10
188,Evan Hull,NO,RB,66,6,6.4,11.700000000000001,1,0.16666666666666666,-0.5,-0.3,2,112.4,37.2,"Mike Boone (2023): 13FP, Sean Tucker (2025): 85FP, Dare Ogunbowale (2023): 7FP, Ty Johnson (2023): 32FP, DeeJay Dallas (2023): 10FP, Emari Demercado (2025): 59FP, Zamir White (2024): 31FP, Clyde Edwards-Helaire (2023): 70FP",86.1,1,0.0,0.0,0.0,,86.1,8
189,Chris Brooks,GB,RB,67,16,32.7,37.5,17,1.0625,0.23125,0.10625000000000001,2,103.5,52.7,"Boston Scott (2023): 15FP, Jamycal Hasty (2023): 0FP, Kenneth Gainwell (2023): 98FP, Alexander Mattison (2023): 135FP, Matt Breida (2023): 46FP, Ameer Abdullah (2023): 41FP, Jaleel McLaughlin (2025): 31FP, Emari Demercado (2025): 59FP",85.7,1,0.0,0.0,0.0,,85.7,8
190,JuJu Smith-Schuster,KC,WR,89,17,73.5,78.3,42,2.4705882352941178,4.552941176470589,5.952941176470588,5,85.4,,,85.4,0,0.0,0.0,0.0,,85.4,10
191,Gunnar Helm,TEN,TE,35,16,91.7,91.10000000000001,54,3.375,5.89375,8.56875,1,56.3,104.1,"Ja'Tavion Sanders (2025): 54FP, Michael Mayer (2024): 37FP, AJ Barner (2025): 147FP, Isaiah Likely (2023): 101FP, Chig Okonkwo (2025): 124FP, Trey McBride (2023): 182FP, Chigoziem Okonkwo (2023): 113FP, Tucker Kraft (2024): 164FP",85.0,0,0.0,0.0,0.0,,85.0,6
192,Chris Moore,WAS,WR,90,14,38.6,42.6,21,1.5,9.607142857142858,10.264285714285714,5,84.9,,,84.9,0,0.0,0.0,0.0,,84.9,11
193,Tyquan Thornton,KC,WR,91,14,80.8,84.5,36,2.5714285714285716,24.27857142857143,24.842857142857145,4,84.3,,,84.3,0,0.0,0.0,0.0,,84.3,11
194,Allen Lazard,NYJ,WR,92,10,23.0,37.6,18,1.8,10.7,8.27,5,82.6,,,82.6,0,0.0,0.0,0.0,,82.6,11
195,Tahj Brooks,CIN,RB,68,7,6.4,10.9,2,0.2857142857142857,-0.5714285714285714,-0.21428571428571427,1,121.4,55.1,"Jeff Wilson (2025): 0FP, Keaontay Ingram (2023): 14FP, Kimani Vidal (2025): 118FP, Blake Corum (2025): 122FP, Trey Benson (2025): 35FP, Tank Bigsby (2024): 130FP, Audric Estime (2025): 48FP, Chris Brooks (2025): 33FP",81.6,1,0.0,0.0,0.0,,81.6,8
196,Tommy Tremble,CAR,TE,36,17,63.9,60.5,36,2.1176470588235294,2.7470588235294118,5.052941176470589,5,80.3,,,80.3,1,0.0,0.0,0.0,,80.3,6
129,Pat Freiermuth,PIT,TE,25,17,113.6,96.6,53,3.1176470588235294,4.847058823529412,11.352941176470589,5,79.9,,,79.9,0,0.0,0.42,0.42,Manual: PIT TE1 with full starting role; FP projects 134 FP vs our 80 (+42%),113.5,5
197,Mason Taylor,NYJ,TE,37,13,88.89999999999999,101.3,63,4.846153846153846,6.238461538461539,13.5,1,92.2,70.8,"Luke Musgrave (2024): 12FP, Theo Johnson (2025): 128FP, Chig Okonkwo (2025): 124FP, Greg Dulcich (2023): 6FP, Dalton Kincaid (2024): 101FP, Cade Otton (2023): 118FP, Michael Mayer (2024): 37FP, Irv Smith (2023): 34FP",79.4,0,0.0,0.0,0.0,,79.4,6
198,Pat Bryant,DEN,WR,93,15,74.8,79.5,47,3.1333333333333333,7.833333333333333,14.646666666666667,1,99.2,66.0,"Malik Washington (2025): 112FP, Cedric Tillman (2024): 81FP, Tyquan Thornton (2023): 27FP, Devaughn Vele (2025): 66FP, Xavier Gipson (2024): 16FP, KaVontae Turpin (2025): 86FP, Dontayvion Wicks (2024): 110FP, Richie James (2023): 20FP",79.3,0,0.0,0.0,0.0,,79.3,11
361,Kaleb Johnson,PIT,RB,86,6,5.0,10.0,2,0.3333333333333333,-1.3333333333333333,-1.5,1,120.9,51.5,"Blake Corum (2025): 122FP, Trey Benson (2025): 35FP, Audric Estime (2025): 48FP, Keaontay Ingram (2023): 14FP, Jeff Wilson (2025): 0FP, Kimani Vidal (2025): 118FP, Kendre Miller (2024): 29FP, Raheem Blackshear (2023): 14FP",79.3,0,0.0,-0.78,-0.78,Manual: Depth RB in PIT — limited role; FP projects 18 FP (-78%),17.4,10
198,Sterling Shepard,TB,WR,93,13,83.0,101.7,53,4.076923076923077,9.26923076923077,14.63076923076923,5,79.3,,,79.3,0,0.0,0.0,0.0,,79.3,11
200,Jalin Hyatt,NYG,WR,95,7,8.5,24.4,14,2.0,17.47142857142857,14.942857142857141,3,79.2,,,79.2,0,0.0,0.0,0.0,,79.2,11
202,Trevor Etienne,CAR,RB,69,9,10.7,15.2,3,0.3333333333333333,0.2222222222222222,0.2111111111111111,1,93.4,69.3,"Raheem Blackshear (2023): 14FP, Jeff Wilson (2025): 0FP, Chris Brooks (2025): 33FP, Kendre Miller (2024): 29FP, Kimani Vidal (2025): 118FP, Chase Brown (2024): 256FP, Blake Corum (2025): 122FP, Trey Benson (2025): 35FP",78.9,1,0.0,0.0,0.0,,78.9,8
203,Taysom Hill,NO,TE,38,13,42.800000000000004,58.6,16,1.2307692307692308,1.3923076923076925,1.1076923076923078,5,78.8,,,78.8,1,0.0,0.0,0.0,,78.8,6
332,Zavier Scott,MIN,RB,81,9,40.2,45.4,15,1.6666666666666667,-1.7777777777777777,-0.17777777777777792,1,82.2,75.9,"Kimani Vidal (2025): 118FP, Chris Brooks (2025): 33FP, Blake Corum (2025): 122FP, Kendre Miller (2024): 29FP, Jeff Wilson (2025): 0FP, Trey Benson (2025): 35FP, Raheem Blackshear (2023): 14FP, Chase Brown (2024): 256FP",78.4,1,0.0,-0.65,-0.65,Manual: Depth RB in MIN — limited role; FP projects 29 FP (-65%),27.4,10
204,Cedric Tillman,CLV,WR,97,13,60.0,74.60000000000001,37,2.8461538461538463,10.461538461538462,15.853846153846153,3,78.0,,,78.0,0,0.0,0.0,0.0,,78.0,11
344,Jerome Ford,WAS,RB,83,13,43.6,65.1,31,2.3846153846153846,-1.330769230769231,-1.5615384615384615,3,76.8,,,76.8,0,0.0,-0.7,-0.7,Manual: Depth RB in WAS — limited role; FP projects 22 FP (-70%),23.0,10
205,John Metchie,NYJ,WR,98,14,71.9,76.6,48,3.4285714285714284,3.8785714285714286,10.035714285714286,3,76.2,,,76.2,0,0.0,0.0,0.0,,76.2,11
375,AJ Dillon,PHI,RB,88,7,10.1,12.1,3,0.42857142857142855,0.7857142857142857,0.42857142857142855,1,78.5,74.3,"Blake Corum (2025): 122FP, Jeff Wilson (2025): 0FP, Raheem Blackshear (2023): 14FP, Trey Benson (2025): 35FP, Kendre Miller (2024): 29FP, Kimani Vidal (2025): 118FP, Chase Brown (2024): 256FP, Chris Brooks (2025): 33FP",76.0,0,0.0,-0.85,-0.85,Manual: Fringe RB in CAR — non-factor; FP projects 5 FP (-85%),11.4,10
207,Tyler Higbee,LA,TE,39,10,71.1,62.199999999999996,36,3.6,4.89,7.12,5,75.6,,,75.6,0,0.0,0.0,0.0,,75.6,7
208,Marvin Mims,DEN,WR,100,15,88.0,95.7,51,3.4,7.6066666666666665,10.46,3,75.3,,,75.3,0,0.0,0.0,0.0,,75.3,11
377,Jeremy McNichols,WAS,RB,89,17,73.7,71.0,31,1.8235294117647058,-0.723529411764706,-0.6352941176470589,3,75.2,,,75.2,0,0.0,-0.85,-0.85,Manual: Depth RB in WAS — non-factor; FP projects 8 FP (-85%),11.3,10
371,Casey Washington,ATL,WR,180,6,15.4,24.5,14,2.3333333333333335,15.166666666666666,15.816666666666668,2,94.0,39.2,"Byron Pringle (2023): 29FP, Ryan Miller (2025): 11FP, Jameson Williams (2024): 212FP, River Cracraft (2024): 14FP, Damiere Byrd (2023): 0FP, Amari Rodgers (2023): 0FP, Dyami Brown (2023): 35FP, Tyquan Thornton (2024): 9FP",74.8,0,0.0,-0.82,-0.82,Manual: Depth WR in ATL — non-factor; FP projects 13 FP (-82%),13.5,18
123,Ryan Flournoy,DAL,WR,52,15,114.0,105.4,54,3.6,8.139999999999999,12.353333333333332,2,72.5,78.9,"Nelson Agholor (2023): 97FP, Darius Slayton (2023): 151FP, Kalif Raymond (2023): 97FP, Olamide Zaccheaus (2023): 38FP, Devin Duvernay (2023): 7FP, Marquise Goodwin (2023): 14FP, Quez Watkins (2023): 35FP, Khalil Shakir (2024): 182FP",74.7,1,0.0,0.6,0.6,Manual: New DAL WR with expanded starting role; FP projects 141 FP (+60%),119.5,7
209,Greg Dortch,ARZ,WR,101,12,75.10000000000001,64.3,33,2.75,0.6249999999999999,1.2,5,74.5,,,74.5,0,0.0,0.0,0.0,,74.5,11
210,Calvin Austin,NYG,WR,102,14,86.2,95.5,54,3.857142857142857,10.007142857142856,24.75714285714286,3,74.2,,,74.2,0,0.0,0.0,0.0,,74.2,12
211,Raheem Mostert,LV,RB,70,11,28.8,29.6,12,1.0909090909090908,-1.1181818181818182,-0.7818181818181817,5,73.8,,,73.8,0,0.0,0.0,0.0,,73.8,8
206,Tre Harris,LAC,WR,99,17,69.4,69.1,42,2.4705882352941178,7.605882352941177,8.829411764705881,1,83.3,67.1,"Calvin Austin (2024): 114FP, Tyler Scott (2024): 2FP, KaVontae Turpin (2025): 86FP, John Metchie (2024): 55FP, Luke McCaffrey (2025): 51FP, Skyy Moore (2023): 54FP, David Bell (2023): 49FP, Andrei Iosivas (2024): 120FP",73.6,0,0.033,0.0,0.033,"Mike McDaniel: YPRR 2.25 vs 1.95, fit=55%, translation=55% | Manual: nan (+0%)",76.0,11
212,Jahan Dotson,ATL,WR,103,17,50.2,66.0,35,2.0588235294117645,10.941176470588236,12.535294117647059,4,72.7,,,72.7,0,0.0,0.0,0.0,,72.7,12
103,Jayden Reed,GB,WR,44,7,48.5,38.1,22,3.142857142857143,5.6571428571428575,9.9,3,72.6,,,72.6,1,0.0,0.9,0.9,Manual: Clear GB WR1 — massive role expansion from 2025; FP projects 173 FP (+90%),137.9,7
213,Jaylin Noel,HST,WR,104,17,68.4,75.5,35,2.0588235294117645,3.6176470588235294,6.088235294117647,1,79.0,67.5,"Jake Bobo (2024): 30FP, Luke McCaffrey (2025): 51FP, Brandon Powell (2023): 69FP, John Metchie (2024): 55FP, David Bell (2023): 49FP, Andrei Iosivas (2024): 120FP, KaVontae Turpin (2025): 86FP, Calvin Austin (2024): 114FP",72.1,0,0.0,0.0,0.0,,72.1,12
214,Mack Hollins,NE,WR,105,15,113.4,117.4,65,4.333333333333333,11.493333333333334,20.506666666666668,5,71.5,,,71.5,1,0.0,0.0,0.0,,71.5,12
214,David Sills,ATL,WR,105,17,49.1,64.3,34,2.0,7.764705882352941,9.1,4,71.5,,,71.5,0,0.0,0.0,0.0,,71.5,12
216,Kayshon Boutte,NE,WR,107,14,124.1,94.3,45,3.2142857142857144,17.928571428571427,22.664285714285715,3,71.3,,,71.3,1,0.0,0.0,0.0,,71.3,12
370,Kyle Williams,NE,WR,179,17,49.2,43.0,21,1.2352941176470589,11.141176470588235,7.41764705882353,1,50.1,85.5,"Marvin Mims (2024): 130FP, Tre Tucker (2024): 129FP, Skyy Moore (2023): 54FP, KaVontae Turpin (2025): 86FP, Calvin Austin (2024): 114FP, Ronnie Bell (2024): 4FP, Justin Watson (2023): 90FP, Malik Heath (2024): 32FP",71.3,1,0.0,-0.8,-0.8,Manual: Depth WR in NE — non-factor; FP projects 14 FP (-80%),14.3,18
217,Van Jefferson,WAS,WR,108,16,70.0,88.3,50,3.125,9.39375,18.5625,5,70.6,,,70.6,0,0.0,0.0,0.0,,70.6,12
219,Cole Kmet,CHI,TE,40,16,78.7,79.6,45,2.8125,8.86875,10.24375,5,69.1,,,69.1,0,0.0,0.0,0.0,,69.1,7
142,Jalen Nailor,LV,WR,58,17,100.69999999999999,108.6,50,2.9411764705882355,13.005882352941176,17.211764705882356,4,68.1,,,68.1,1,0.0,0.6,0.6,Manual: New LV WR1 with expanded opportunity; FP projects 127 FP vs our 68 (+60%),109.0,8
220,Olamide Zaccheaus,ATL,WR,109,16,84.8,105.5,62,3.875,6.5375,10.7,5,68.1,,,68.1,0,0.0,0.0,0.0,,68.1,12
221,Austin Hooper,ATL,TE,41,16,59.3,44.0,25,1.5625,6.74375,5.93125,5,68.0,,,68.0,1,0.0,0.0,0.0,,68.0,7
222,Keon Coleman,BUF,WR,110,13,103.4,109.4,58,4.461538461538462,9.523076923076923,23.53076923076923,2,75.6,51.7,"Josh Reynolds (2023): 130FP, Marquise Goodwin (2023): 14FP, Van Jefferson (2023): 41FP, Michael Gallup (2023): 88FP, Darnell Mooney (2023): 79FP, Devin Duvernay (2023): 7FP, Chase Claypool (2023): 22FP, Brandon Powell (2024): 14FP",67.2,0,0.0,0.0,0.0,,67.2,12
222,Adam Thielen,MIN,WR,110,16,39.6,53.9,34,2.125,6.69375,7.8187500000000005,5,67.2,,,67.2,1,0.0,0.0,0.0,,67.2,12
225,Devaughn Vele,NO,WR,112,13,66.3,70.4,36,2.769230769230769,7.753846153846154,12.807692307692308,2,91.1,21.9,"Brandon Powell (2024): 14FP, John Metchie (2025): 72FP, Marquise Goodwin (2023): 14FP, Brandon Johnson (2024): 2FP, Skyy Moore (2024): 0FP, Randall Cobb (2023): 17FP, Devin Duvernay (2023): 7FP, Scott Miller (2023): 39FP",66.9,1,0.0,0.0,0.0,,66.9,12
128,Isaiah Likely,NYG,TE,24,14,62.7,64.5,36,2.5714285714285716,5.892857142857143,9.678571428571429,4,66.5,,,66.5,0,0.0,0.73,0.73,Manual: Moved to NYG — clear TE1 starter; model still sees BAL backup role; FP projects 136 FP (+73%),115.0,5
226,Will Shipley,PHI,RB,73,15,18.5,22.9,10,0.6666666666666666,0.046666666666666676,-0.026666666666666648,2,76.3,47.0,"Boston Scott (2023): 15FP, Jamycal Hasty (2023): 0FP, Emari Demercado (2025): 59FP, Ameer Abdullah (2023): 41FP, Matt Breida (2023): 46FP, Kenneth Gainwell (2023): 98FP, DeeJay Dallas (2023): 10FP, Alexander Mattison (2023): 135FP",66.0,0,0.0,0.0,0.0,,66.0,9
227,Jonnu Smith,PIT,TE,42,17,85.2,91.3,52,3.0588235294117645,4.823529411764706,6.723529411764706,5,65.9,,,65.9,0,0.0,0.0,0.0,,65.9,7
228,Tyler Lockett,LV,WR,113,17,67.1,94.7,51,3.0,6.711764705882352,11.552941176470588,5,64.3,,,64.3,0,0.0,0.0,0.0,,64.3,12
379,Isaiah Hodgins,NYG,WR,183,7,27.5,34.5,17,2.4285714285714284,8.785714285714286,10.157142857142857,5,63.1,,,63.1,0,0.0,-0.85,-0.85,Manual: Depth WR in NYG — non-factor; FP projects 5 FP (-85%),9.5,18
230,Malik Washington,MIA,WR,114,17,111.7,120.8,62,3.6470588235294117,5.347058823529412,10.052941176470588,2,60.1,68.4,"Trent Sherfield (2023): 26FP, Parker Washington (2025): 173FP, Jauan Jennings (2023): 52FP, Robert Woods (2023): 89FP, DeAndre Carter (2023): 8FP, Demarcus Robinson (2023): 88FP, Isaiah McKenzie (2023): 18FP, Chris Moore (2023): 68FP",63.0,0,0.0,0.0,0.0,,63.0,13
231,Jack Bech,LV,WR,115,14,42.4,47.3,27,1.9285714285714286,6.564285714285715,10.521428571428572,1,64.9,61.1,"Malik Heath (2024): 32FP, Skyy Moore (2023): 54FP, Xavier Hutchinson (2024): 24FP, Malik Washington (2025): 112FP, Andrei Iosivas (2024): 120FP, Ronnie Bell (2024): 4FP, Khalil Shakir (2023): 113FP, John Metchie (2024): 55FP",62.6,0,0.0,0.0,0.0,,62.6,13
232,Rasheen Ali,BLT,RB,75,9,23.7,22.3,11,1.2222222222222223,-0.2777777777777778,-0.13333333333333336,2,83.7,23.0,"Ty Johnson (2023): 32FP, Tyler Goodson (2025): 5FP, Mike Boone (2023): 13FP, DeeJay Dallas (2023): 10FP, Pierre Strong (2024): 35FP, Emari Demercado (2025): 59FP, Roschon Johnson (2025): 1FP, Chase Edmonds (2023): 38FP",62.5,0,0.0,0.0,0.0,,62.5,9
233,Xavier Hutchinson,HST,WR,116,17,98.0,108.5,56,3.2941176470588234,8.776470588235293,13.141176470588235,3,62.3,,,62.3,0,0.0,0.0,0.0,,62.3,13
235,Colby Parkinson,LA,TE,43,15,130.8,103.3,55,3.6666666666666665,4.066666666666666,4.626666666666667,5,61.6,,,61.6,0,0.0,0.0,0.0,,61.6,7
237,Brock Wright,DET,TE,44,11,36.800000000000004,28.8,18,1.6363636363636365,0.9090909090909091,1.6818181818181819,5,60.2,,,60.2,0,0.0,0.0,0.0,,60.2,7
237,Will Dissly,LAC,TE,44,9,20.7,22.5,15,1.6666666666666667,3.5,2.177777777777778,5,60.2,,,60.2,0,0.0,0.0,0.0,,60.2,7
239,Mason Tipton,NO,WR,117,12,20.4,33.1,17,1.4166666666666667,5.8500000000000005,3.875,2,86.4,10.6,"Marquez Callaway (2023): 0FP, John Metchie (2025): 72FP, Skyy Moore (2024): 0FP, David Sills (2023): 0FP, Brandon Powell (2024): 14FP, Gunner Olszewski (2023): -1FP, Amari Rodgers (2023): 0FP, Michael Bandy (2023): 0FP",59.9,1,0.0,0.0,0.0,,59.9,13
240,Jalen Tolbert,MIA,WR,118,13,46.3,59.5,32,2.4615384615384617,9.069230769230769,9.607692307692307,4,59.2,,,59.2,1,0.0,0.0,0.0,,59.2,13
240,Josh Oliver,MIN,TE,46,15,54.99999999999999,31.0,18,1.2,2.3266666666666667,2.966666666666667,5,59.2,,,59.2,1,0.0,0.0,0.0,,59.2,7
242,Noah Gray,KC,TE,47,16,38.8,59.1,33,2.0625,4.54375,4.55625,5,59.1,,,59.1,0,0.0,0.0,0.0,,59.1,7
243,Noah Fant,NO,TE,48,15,77.8,64.3,39,2.6,3.0,3.566666666666667,5,58.4,,,58.4,1,0.0,0.0,0.0,,58.4,7
244,Tim Patrick,JAX,WR,119,15,51.7,52.8,24,1.6,9.22,6.48,3,58.3,,,58.3,1,0.0,0.0,0.0,,58.3,13
245,Andrei Iosivas,CIN,WR,120,17,89.9,107.2,58,3.411764705882353,9.68235294117647,11.664705882352942,3,58.1,,,58.1,1,0.0,0.0,0.0,,58.1,13
246,Darnell Washington,PIT,TE,49,16,74.4,74.7,43,2.6875,4.4125,8.99375,3,57.9,,,57.9,0,0.0,0.0,0.0,,57.9,7
246,Isaiah Williams,NYJ,WR,121,11,47.7,54.599999999999994,34,3.090909090909091,2.0727272727272728,5.663636363636363,2,73.8,28.5,"Marquez Callaway (2023): 0FP, Michael Bandy (2023): 0FP, John Metchie (2025): 72FP, Trenton Irwin (2023): 63FP, Cedric Tillman (2025): 60FP, Randall Cobb (2023): 17FP, David Sills (2023): 0FP, Ben Skowronek (2023): 22FP",57.9,0,0.0,0.0,0.0,,57.9,13
248,Dawson Knox,BUF,TE,50,17,103.7,86.3,48,2.823529411764706,8.564705882352941,12.764705882352942,5,57.8,,,57.8,0,0.0,0.0,0.0,,57.8,7
248,Lil'Jordan Humphrey,DEN,WR,122,10,34.6,49.2,23,2.3,8.01,10.34,5,57.8,,,57.8,0,0.0,0.0,0.0,,57.8,13
248,Ja'Tavion Sanders,CAR,TE,50,12,54.0,63.1,34,2.8333333333333335,4.825,6.066666666666666,2,58.8,55.9,"Kylen Granson (2023): 73FP, Michael Mayer (2025): 74FP, Irv Smith (2024): 0FP, Tanner Hudson (2024): 40FP, Logan Thomas (2023): 129FP, Foster Moreau (2023): 46FP, Brevin Jordan (2023): 51FP, Will Dissly (2023): 40FP",57.8,1,0.0,0.0,0.0,,57.8,8
251,Terrance Ferguson,LA,TE,52,13,52.1,60.3,25,1.9230769230769231,13.561538461538463,10.3,1,82.1,41.4,"Andrew Ogletree (2024): 26FP, Will Mallory (2024): 7FP, Josh Whyle (2024): 61FP, Teagan Quitoriano (2023): 5FP, Ja'Tavion Sanders (2025): 54FP, Chigoziem Okonkwo (2023): 113FP, Elijah Higgins (2024): 49FP, Michael Mayer (2024): 37FP",57.7,0,0.0,0.0,0.0,,57.7,8
252,Tyler Johnson,NYJ,WR,123,11,37.7,30.5,16,1.4545454545454546,7.536363636363637,9.863636363636363,5,57.5,,,57.5,0,0.0,0.0,0.0,,57.5,13
253,Jackson Hawes,BUF,TE,53,17,52.699999999999996,34.7,19,1.1176470588235294,4.8999999999999995,3.864705882352941,1,69.9,48.3,"Cade Stover (2025): 20FP, Connor Heyward (2023): 40FP, Luke Schoonmaker (2024): 57FP, Brevyn Spann-Ford (2025): 24FP, Peyton Hendershot (2023): 8FP, AJ Barner (2025): 147FP, James Mitchell (2023): 5FP, Chigoziem Okonkwo (2023): 113FP",56.9,0,0.0,0.0,0.0,,56.9,8
254,Arian Smith,NYJ,WR,124,16,13.5,29.7,15,0.9375,8.66875,7.4625,1,60.0,54.7,"Tyler Scott (2024): 2FP, Calvin Austin (2024): 114FP, John Metchie (2024): 55FP, Xavier Hutchinson (2024): 24FP, Luke McCaffrey (2025): 51FP, Skyy Moore (2023): 54FP, David Bell (2023): 49FP, Andrei Iosivas (2024): 120FP",56.8,0,0.0,0.0,0.0,,56.8,13
255,Anthony Firkser,DET,TE,54,7,13.3,12.6,8,1.1428571428571428,2.0,1.8571428571428572,4,56.5,,,56.5,0,0.0,0.0,0.0,,56.5,8
259,Daniel Bellinger,TEN,TE,57,16,59.6,48.3,26,1.625,6.8375,5.65,4,56.0,,,56.0,0,-0.0193,0.0,-0.0193,"Brian Daboll: YPRR 2.13 vs 2.36, fit=50%, translation=42% | Manual: nan (+0%)",54.9,8
256,Elijah Moore,PHI,WR,125,9,28.599999999999998,30.2,17,1.8888888888888888,7.677777777777777,9.511111111111111,5,55.9,,,55.9,0,0.0,0.0,0.0,,55.9,13
257,Elijah Higgins,ARZ,TE,55,17,59.1,57.7,35,2.0588235294117645,3.0,3.088235294117647,3,55.8,,,55.8,0,0.0,0.0,0.0,,55.8,8
258,Hunter Long,JAX,TE,56,8,32.5,30.3,16,2.0,3.6375,3.0875,5,55.7,,,55.7,1,0.0,0.0,0.0,,55.7,8
259,Gage Larvadain,CLV,WR,126,13,13.4,19.4,13,1.0,5.023076923076923,4.3538461538461535,1,52.8,56.3,"Xavier Hutchinson (2024): 24FP, Khalil Shakir (2023): 113FP, Justyn Ross (2024): 0FP, Steven Sims (2023): 6FP, Andrei Iosivas (2024): 120FP, Malik Heath (2024): 32FP, John Metchie (2024): 55FP, Malik Washington (2025): 112FP",54.9,0,0.0,0.0,0.0,,54.9,14
261,Luke Musgrave,GB,TE,58,17,49.2,52.6,31,1.8235294117647058,5.805882352941176,5.1117647058823525,3,54.7,,,54.7,1,0.0,0.0,0.0,,54.7,8
262,Tyler Conklin,DET,TE,59,8,17.3,20.4,10,1.25,2.7875,2.45,5,54.6,,,54.6,0,0.0,0.0,0.0,,54.6,8
263,Josh Whyle,GB,TE,60,8,14.6,11.5,6,0.75,2.375,0.22500000000000003,3,54.0,,,54.0,1,0.0,0.0,0.0,,54.0,8
264,Kevin Austin,NO,WR,127,7,33.0,44.3,23,3.2857142857142856,7.285714285714286,8.714285714285714,2,59.5,43.0,"Trenton Irwin (2023): 63FP, Mecole Hardman (2023): 27FP, Hunter Renfrow (2023): 50FP, Cedric Tillman (2025): 60FP, Julio Jones (2023): 36FP, David Sills (2023): 0FP, Isaiah Hodgins (2023): 61FP, Van Jefferson (2023): 41FP",53.7,1,0.0,0.0,0.0,,53.7,14
265,Christian Kirk,SF,WR,128,13,57.9,83.2,47,3.6153846153846154,5.43076923076923,9.153846153846153,5,53.6,,,53.6,0,0.0,0.0,0.0,,53.6,14
266,Konata Mumpfield,LA,WR,129,16,25.2,42.800000000000004,22,1.375,7.20625,4.51875,1,42.1,60.8,"Calvin Austin (2024): 114FP, John Metchie (2024): 55FP, Tyler Scott (2024): 2FP, Andrei Iosivas (2024): 120FP, Luke McCaffrey (2025): 51FP, Skyy Moore (2023): 54FP, Xavier Hutchinson (2024): 24FP, Jake Bobo (2024): 30FP",53.3,0,0.0,0.0,0.0,,53.3,14
267,Bo Melton,GB,WR,130,7,22.2,23.2,12,1.7142857142857142,13.471428571428572,10.585714285714285,3,52.9,,,52.9,1,0.0,0.0,0.0,,52.9,14
268,Adam Trautman,DEN,TE,61,17,45.5,36.1,23,1.3529411764705883,3.1176470588235294,2.947058823529412,5,50.5,,,50.5,0,0.0,0.0,0.0,,50.5,8
269,Luke Schoonmaker,DAL,TE,62,17,27.2,36.2,23,1.3529411764705883,5.982352941176471,3.076470588235294,3,50.2,,,50.2,1,0.0,0.0,0.0,,50.2,8
270,Tylan Wallace,BLT,WR,131,11,14.5,17.7,8,0.7272727272727273,8.636363636363637,4.972727272727273,5,50.1,,,50.1,0,0.0,0.0,0.0,,50.1,14
270,Ross Dwelley,DET,TE,63,7,2.7,8.5,4,0.5714285714285714,0.5714285714285714,0.5857142857142856,5,50.1,,,50.1,0,0.0,0.0,0.0,,50.1,9
272,Mitchell Tinsley,CIN,WR,132,17,31.6,51.300000000000004,24,1.411764705882353,7.088235294117647,6.776470588235293,2,55.7,38.6,"Jake Bobo (2025): 4FP, Deonte Harty (2024): 0FP, Cedrick Wilson (2023): 70FP, Tim Jones (2024): 7FP, Jalen Tolbert (2024): 152FP, Braxton Berrios (2023): 58FP, Bo Melton (2025): 22FP, David Bell (2024): 6FP",49.7,1,0.0,0.0,0.0,,49.7,14
273,Brandin Cooks,NO,WR,133,15,51.9,59.9,35,2.3333333333333335,12.153333333333334,16.933333333333334,5,49.5,,,49.5,1,0.0,0.0,0.0,,49.5,14
274,Dante Pettis,NO,WR,134,7,20.7,19.7,11,1.5714285714285714,6.071428571428571,3.7285714285714286,4,48.8,,,48.8,1,0.0,0.0,0.0,,48.8,14
275,Tyrell Shavers,BUF,WR,135,16,45.5,39.9,22,1.375,7.9,8.7625,2,46.0,53.8,"Equanimeous St. Brown (2023): 11FP, Deonte Harty (2024): 0FP, Jalen Tolbert (2024): 152FP, Ray-Ray McCloud (2023): 28FP, Tre'Quan Smith (2023): 0FP, Bo Melton (2025): 22FP, Cedrick Wilson (2023): 70FP, Khalil Shakir (2024): 182FP",48.7,0,0.0,0.0,0.0,,48.7,14
276,Devin Duvernay,ARZ,WR,136,6,4.6,11.0,5,0.8333333333333334,8.116666666666667,5.366666666666667,5,47.9,,,47.9,0,0.0,0.0,0.0,,47.9,14
277,Jeremy Ruckert,NYJ,TE,64,17,46.9,42.9,28,1.6470588235294117,2.7235294117647055,2.676470588235294,4,47.0,,,47.0,0,0.0,0.0,0.0,,47.0,9
278,Ray-Ray McCloud,ATL,WR,137,6,13.9,24.1,13,2.1666666666666665,4.433333333333334,6.0,5,46.6,,,46.6,0,0.0,0.0,0.0,,46.6,14
279,Xavier Smith,LA,WR,138,14,48.3,41.6,23,1.6428571428571428,11.299999999999999,8.621428571428572,2,54.4,30.0,"Mike Strachan (2023): 6FP, Damiere Byrd (2023): 0FP, Dyami Brown (2023): 35FP, Kendrick Bourne (2023): 101FP, Ray-Ray McCloud (2023): 28FP, Byron Pringle (2023): 29FP, River Cracraft (2024): 14FP, KhaDarel Hodge (2023): 37FP",45.9,0,0.0,0.0,0.0,,45.9,15
179,Jalen Coker,CAR,WR,83,11,91.39999999999999,68.7,41,3.727272727272727,9.354545454545455,20.081818181818182,2,44.2,48.2,"Van Jefferson (2023): 41FP, Marquise Goodwin (2023): 14FP, Julio Jones (2023): 36FP, Hunter Renfrow (2023): 50FP, Cedric Tillman (2025): 60FP, D.J. Chark (2023): 116FP, Brandon Powell (2024): 14FP, Darnell Mooney (2023): 79FP",45.6,1,0.0,1.0,1.0,Manual: CAR WR1 with full role in 2026 — model sees very limited 2025 data; FP projects 126 FP (+100%),91.2,10
280,Skyy Moore,GB,WR,139,13,14.799999999999999,13.8,7,0.5384615384615384,8.538461538461538,2.9692307692307693,4,45.1,,,45.1,1,0.0,0.0,0.0,,45.1,15
281,Nick Westbrook-Ikhine,IND,WR,140,14,19.9,34.9,18,1.2857142857142858,3.2285714285714286,3.664285714285714,5,45.0,,,45.0,0,0.0,0.0,0.0,,45.0,15
282,Zay Jones,ARZ,WR,141,8,30.3,29.9,16,2.0,9.325,9.475,5,44.5,,,44.5,0,0.0,0.0,0.0,,44.5,15
282,Mitchell Evans,CAR,TE,65,17,48.2,38.0,22,1.2941176470588236,3.588235294117647,2.611764705882353,1,39.5,47.9,"Luke Schoonmaker (2024): 57FP, Brevyn Spann-Ford (2025): 24FP, Peyton Hendershot (2023): 8FP, Cade Stover (2025): 20FP, AJ Barner (2025): 147FP, Connor Heyward (2023): 40FP, Quintin Morris (2023): 11FP, Brenton Strange (2024): 92FP",44.5,1,0.0,0.0,0.0,,44.5,9
284,Xavier Weaver,ARZ,WR,142,9,13.7,28.599999999999998,13,1.4444444444444444,10.066666666666666,7.555555555555555,2,58.3,15.5,"Tyquan Thornton (2024): 9FP, Chris Conley (2023): 10FP, David Sills (2023): 0FP, Amari Rodgers (2023): 0FP, Treylon Burks (2024): 8FP, Trenton Irwin (2023): 63FP, Julio Jones (2023): 36FP, Brandon Powell (2024): 14FP",43.3,0,0.0,0.0,0.0,,43.3,15
286,Jimmy Horn,CAR,WR,143,13,28.7,27.1,14,1.0769230769230769,4.246153846153846,2.0153846153846153,1,35.0,45.9,"Khalil Shakir (2023): 113FP, Xavier Hutchinson (2024): 24FP, Ryan Flournoy (2025): 114FP, Malik Heath (2024): 32FP, Justyn Ross (2024): 0FP, Ronnie Bell (2024): 4FP, River Cracraft (2023): 27FP, Samori Toure (2023): 17FP",41.5,1,0.0,0.0,0.0,,41.5,15
287,Nate Adkins,DEN,TE,66,8,16.8,17.099999999999998,10,1.25,3.2125,2.2625,3,41.2,,,41.2,0,0.0,0.0,0.0,,41.2,9
287,Gunner Olszewski,NYG,WR,144,10,34.8,25.4,13,1.3,5.63,6.68,4,41.2,,,41.2,0,0.0,0.0,0.0,,41.2,15
289,Tanner Hudson,CIN,TE,67,12,47.8,41.1,24,2.0,5.45,4.183333333333334,4,41.1,,,41.1,1,0.0,0.0,0.0,,41.1,9
290,Devontez Walker,BLT,WR,145,9,37.6,20.599999999999998,8,0.8888888888888888,15.277777777777779,8.788888888888888,2,43.1,36.9,"Byron Pringle (2023): 29FP, Dyami Brown (2023): 35FP, Damiere Byrd (2023): 0FP, River Cracraft (2024): 14FP, Ryan Miller (2025): 11FP, Jameson Williams (2024): 212FP, Mike Strachan (2023): 6FP, Tre'Quan Smith (2023): 0FP",40.9,0,0.0,0.0,0.0,,40.9,15
291,Roman Wilson,PIT,WR,146,12,39.6,31.7,20,1.6666666666666667,9.633333333333333,11.966666666666667,2,54.6,14.9,"Amari Rodgers (2023): 0FP, Scott Miller (2023): 39FP, Brandon Johnson (2024): 2FP, Tre'Quan Smith (2023): 0FP, Jalen Brooks (2025): 7FP, Skyy Moore (2024): 0FP, John Metchie (2025): 72FP, Brandon Powell (2024): 14FP",40.7,0,0.0,0.0,0.0,,40.7,15
292,Johnny Mundt,JAX,TE,68,15,20.1,27.0,18,1.2,4.1,2.3733333333333335,5,40.3,,,40.3,1,0.0,0.0,0.0,,40.3,9
293,Ashton Dulin,IND,WR,147,11,18.5,19.3,10,0.9090909090909091,4.4818181818181815,5.3090909090909095,4,40.0,,,40.0,1,0.0,0.0,0.0,,40.0,15
294,Mason Kinsey,TEN,WR,148,6,6.800000000000001,7.0,4,0.6666666666666666,8.666666666666666,5.016666666666667,4,39.8,,,39.8,0,0.0,0.0,0.0,,39.8,15
295,Stone Smartt,NYJ,TE,69,6,12.2,12.7,9,1.5,3.6999999999999997,3.8833333333333333,4,39.5,,,39.5,0,0.0,0.0,0.0,,39.5,9
296,Savion Williams,GB,WR,149,11,25.6,23.9,10,0.9090909090909091,1.7727272727272727,0.21818181818181817,1,45.9,35.0,"Kavontae Turpin (2023): 60FP, Ryan Flournoy (2025): 114FP, Elijah Cooks (2024): 0FP, Dareke Young (2023): 0FP, River Cracraft (2023): 27FP, Justyn Ross (2024): 0FP, Jamari Thrash (2025): 21FP, Ronnie Bell (2024): 4FP",39.4,1,0.0,0.0,0.0,,39.4,15
297,Darius Cooper,PHI,WR,150,13,18.2,22.9,11,0.8461538461538461,3.1769230769230767,3.407692307692308,1,27.5,46.2,"Khalil Shakir (2023): 113FP, River Cracraft (2023): 27FP, Justyn Ross (2024): 0FP, Samori Toure (2023): 17FP, Xavier Hutchinson (2024): 24FP, Steven Sims (2023): 6FP, Ronnie Bell (2024): 4FP, Ryan Flournoy (2025): 114FP",38.7,0,0.0,0.0,0.0,,38.7,16
298,Cedrick Wilson,MIA,WR,151,10,9.4,18.6,9,0.9,4.8,4.25,5,37.3,,,37.3,0,0.0,0.0,0.0,,37.3,16
299,Dee Eskridge,MIA,WR,152,10,9.2,10.7,6,0.6,4.4,3.28,1,40.2,34.6,"Jamari Thrash (2025): 21FP, Ryan Flournoy (2025): 114FP, Justyn Ross (2024): 0FP, Rakim Jarrett (2024): 21FP, Samori Toure (2023): 17FP, River Cracraft (2023): 27FP, Dareke Young (2023): 0FP, Kavontae Turpin (2023): 60FP",36.8,0,0.0,0.0,0.0,,36.8,16
300,John FitzPatrick,GB,TE,70,15,25.2,29.4,15,1.0,1.4200000000000002,1.46,3,36.2,,,36.2,1,0.0,0.0,0.0,,36.2,9
301,Grant Calcaterra,PHI,TE,71,15,22.6,21.799999999999997,13,0.8666666666666667,3.353333333333333,2.4133333333333336,4,36.1,,,36.1,0,0.0,0.0,0.0,,36.1,9
302,Julian Hill,MIA,TE,72,14,31.0,32.4,20,1.4285714285714286,2.0714285714285716,2.2285714285714286,3,36.0,,,36.0,0,0.0,0.0,0.0,,36.0,9
303,Cody White,SEA,WR,153,9,18.0,6.6,4,0.4444444444444444,2.888888888888889,2.8666666666666667,4,35.5,,,35.5,0,0.0,0.0,0.0,,35.5,16
304,Harrison Bryant,HST,TE,73,11,2.7,13.1,6,0.5454545454545454,3.227272727272727,1.4636363636363638,5,35.4,,,35.4,0,0.0,0.0,0.0,,35.4,9
304,Luke Farrell,SF,TE,73,17,30.5,20.5,12,0.7058823529411765,2.235294117647059,1.2647058823529411,5,35.4,,,35.4,1,0.0,0.0,0.0,,35.4,9
306,Charlie Woerner,ATL,TE,75,17,12.8,11.7,8,0.47058823529411764,0.12941176470588237,0.15294117647058825,5,35.3,,,35.3,0,0.0,0.0,0.0,,35.3,10
307,Jahdae Walker,CHI,WR,154,6,26.7,18.7,10,1.6666666666666667,7.283333333333334,9.216666666666667,1,54.9,21.3,"Jordan Whittington (2025): 36FP, Jamari Thrash (2025): 21FP, Samori Toure (2023): 17FP, River Cracraft (2023): 27FP, Justyn Ross (2024): 0FP, Rakim Jarrett (2024): 21FP, Kevin Austin (2025): 33FP, Velus Jones (2023): 11FP",34.7,0,0.0,0.0,0.0,,34.7,16
308,Davis Allen,LA,TE,76,17,62.800000000000004,64.39999999999999,33,1.9411764705882353,3.3294117647058825,2.523529411764706,3,34.6,,,34.6,0,0.0,0.0,0.0,,34.6,10
310,Connor Heyward,PIT,TE,77,8,18.099999999999998,18.3,4,0.5,5.0,2.075,4,34.5,,,34.5,0,0.0,0.0,0.0,,34.5,10
310,Jamari Thrash,CLV,WR,155,9,20.7,19.799999999999997,14,1.5555555555555556,10.38888888888889,9.333333333333334,2,46.3,12.7,"Tyquan Thornton (2024): 9FP, Chris Conley (2023): 10FP, Amari Rodgers (2023): 0FP, David Sills (2023): 0FP, Michael Bandy (2023): 0FP, Scott Miller (2023): 39FP, Trenton Irwin (2023): 63FP, Treylon Burks (2024): 8FP",34.5,0,0.0,0.0,0.0,,34.5,16
312,Dylan Drummond,ATL,WR,156,7,11.2,17.2,11,1.5714285714285714,3.528571428571429,7.5,2,50.3,5.0,"Ronnie Bell (2025): 10FP, Trent Taylor (2023): -0FP, Michael Bandy (2023): 0FP, David Sills (2023): 0FP, Malik Heath (2025): 15FP, Austin Trammell (2024): 5FP, Chris Conley (2023): 10FP, Gunner Olszewski (2023): -1FP",34.4,0,0.0,0.0,0.0,,34.4,16
313,Elijah Arroyo,SEA,TE,78,13,37.9,51.6,25,1.9230769230769231,9.784615384615385,9.746153846153847,1,40.2,30.4,"Will Mallory (2024): 7FP, Andrew Ogletree (2024): 26FP, Elijah Higgins (2024): 49FP, Michael Mayer (2024): 37FP, Josh Whyle (2024): 61FP, Ja'Tavion Sanders (2025): 54FP, Cade Stover (2025): 20FP, Teagan Quitoriano (2023): 5FP",34.3,0,0.0,0.0,0.0,,34.3,10
314,KhaDarel Hodge,ATL,WR,157,6,6.1,17.5,10,1.6666666666666667,10.266666666666667,9.633333333333333,5,33.9,,,33.9,0,0.0,0.0,0.0,,33.9,16
315,Pharaoh Brown,ARZ,TE,79,7,2.1,5.7,2,0.2857142857142857,-0.07142857142857142,-0.05714285714285715,5,33.7,,,33.7,0,0.0,0.0,0.0,,33.7,10
316,Devin Culp,TB,TE,80,6,7.6,2.1,1,0.16666666666666666,1.8333333333333333,0.5166666666666667,2,48.2,6.6,"John FitzPatrick (2025): 25FP, Stephen Anderson (2023): 0FP, Tucker Fisk (2025): 4FP, Ko Kieft (2024): 0FP, Sean McKeon (2023): 0FP, James Mitchell (2024): 0FP, Charlie Woerner (2023): 6FP, Quintin Morris (2024): 15FP",33.6,0,0.0,0.0,0.0,,33.6,10
317,KeAndre Lambert-Smith,LAC,WR,158,10,16.1,26.1,12,1.2,13.959999999999999,7.470000000000001,1,45.2,25.2,"Velus Jones (2023): 11FP, Rakim Jarrett (2024): 21FP, Malik Heath (2024): 32FP, Kevin Austin (2025): 33FP, Jamari Thrash (2025): 21FP, Xavier Hutchinson (2024): 24FP, Mason Tipton (2025): 20FP, Skyy Moore (2023): 54FP",33.2,0,0.0,0.0,0.0,,33.2,16
318,Foster Moreau,NO,TE,81,11,12.9,14.9,10,0.9090909090909091,1.3363636363636362,0.9090909090909091,5,32.6,,,32.6,1,0.0,0.0,0.0,,32.6,10
319,Tanner Conner,MIA,TE,82,9,18.1,25.0,15,1.6666666666666667,6.422222222222222,5.922222222222222,2,37.0,22.9,"Will Mallory (2025): 3FP, Blake Whiteheart (2025): 2FP, Brevin Jordan (2023): 51FP, Jeremy Ruckert (2024): 28FP, Charlie Kolar (2024): 28FP, Michael Mayer (2025): 74FP, Tucker Fisk (2025): 4FP, Brycen Hopkins (2023): 13FP",32.1,0,0.0,0.0,0.0,,32.1,10
320,Jordan Whittington,LA,WR,159,16,36.3,40.6,24,1.5,4.825,3.2375,2,33.2,29.8,"Jake Bobo (2025): 4FP, Tim Jones (2024): 7FP, Braxton Berrios (2023): 58FP, Cedrick Wilson (2023): 70FP, Deven Thompkins (2024): -0FP, Xavier Gipson (2025): 2FP, Xavier Hutchinson (2025): 98FP, Zach Pascal (2023): 6FP",32.0,0,0.0,0.0,0.0,,32.0,16
321,Ben Sinnott,WAS,TE,83,15,28.4,20.3,13,0.8666666666666667,4.3533333333333335,3.8866666666666663,2,29.7,36.0,"Brycen Hopkins (2023): 13FP, Andrew Ogletree (2025): 13FP, Nate Adkins (2025): 17FP, Darnell Washington (2025): 74FP, Julian Hill (2025): 31FP, Adam Trautman (2023): 60FP, John Bates (2023): 34FP, Elijah Higgins (2025): 59FP",31.9,0,0.0,0.0,0.0,,31.9,10
323,Eric Saubert,SEA,TE,84,11,9.1,8.3,5,0.45454545454545453,2.5454545454545454,1.7,5,31.7,,,31.7,0,0.0,0.0,0.0,,31.7,10
324,Curtis Samuel,BUF,WR,160,6,21.1,15.3,8,1.3333333333333333,8.133333333333333,5.45,5,31.1,,,31.1,0,0.0,0.0,0.0,,31.1,16
325,Dareke Young,SEA,WR,161,6,6.8,5.7,3,0.5,9.166666666666666,3.9166666666666665,4,30.9,,,30.9,0,0.0,0.0,0.0,,30.9,16
326,Durham Smythe,CHI,TE,85,17,6.5,8.4,6,0.35294117647058826,0.6882352941176471,0.3941176470588235,5,30.8,,,30.8,0,0.0,0.0,0.0,,30.8,10
327,Alex Bachman,LV,WR,162,8,3.2,4.3,3,0.375,1.75,0.6625,3,30.5,,,30.5,0,0.0,0.0,0.0,,30.5,17
328,Drew Sample,CIN,TE,86,17,31.9,27.1,17,1.0,-0.20588235294117646,-0.12352941176470589,5,30.0,,,30.0,1,0.0,0.0,0.0,,30.0,10
329,Brevyn Spann-Ford,DAL,TE,87,16,24.0,22.900000000000002,13,0.8125,4.83125,3.225,2,27.3,33.5,"Andrew Ogletree (2025): 13FP, Julian Hill (2025): 31FP, Nate Adkins (2025): 17FP, Elijah Higgins (2025): 59FP, Darnell Washington (2025): 74FP, Pharaoh Brown (2023): 39FP, Eric Saubert (2023): 4FP, John Bates (2023): 34FP",29.5,1,0.0,0.0,0.0,,29.5,11
331,Efton Chism,NE,WR,164,6,16.5,9.5,3,0.5,4.75,3.1,1,31.3,24.9,"Elijah Cooks (2024): 0FP, Dareke Young (2023): 0FP, Jamari Thrash (2025): 21FP, River Cracraft (2023): 27FP, Jordan Whittington (2025): 36FP, Samori Toure (2023): 17FP, Justyn Ross (2024): 0FP, Ryan Flournoy (2025): 114FP",27.5,1,0.0,0.0,0.0,,27.5,17
333,Malachi Corley,CLV,WR,165,13,31.6,25.3,12,0.9230769230769231,0.0,0.7153846153846154,2,32.3,15.7,"James Proche (2023): -1FP, Jamal Agnew (2023): 42FP, Miles Boykin (2023): 5FP, Zach Pascal (2023): 6FP, Gunner Olszewski (2023): -1FP, David Bell (2024): 6FP, Austin Trammell (2024): 5FP, Cedrick Wilson (2023): 70FP",26.5,0,0.0,0.0,0.0,,26.5,17
334,Beaux Collins,NYG,WR,166,7,4.5,14.2,6,0.8571428571428571,7.828571428571428,3.9571428571428577,1,28.5,25.0,"Jamari Thrash (2025): 21FP, Rakim Jarrett (2024): 21FP, Justyn Ross (2024): 0FP, Samori Toure (2023): 17FP, Velus Jones (2023): 11FP, Ryan Flournoy (2025): 114FP, Irvin Charles (2024): 0FP, Kevin Austin (2025): 33FP",26.4,0,0.0,0.0,0.0,,26.4,17
334,Robert Tonyan,KC,TE,88,12,1.1,2.6,1,0.08333333333333333,0.08333333333333333,0.024999999999999998,5,26.4,,,26.4,0,0.0,0.0,0.0,,26.4,11
336,Brycen Tremayne,CAR,WR,167,16,30.0,29.7,17,1.0625,4.05,5.85,2,29.7,19.6,"David Bell (2024): 6FP, Cedrick Wilson (2023): 70FP, Tim Jones (2024): 7FP, Miles Boykin (2023): 5FP, Jamal Agnew (2023): 42FP, Jake Bobo (2025): 4FP, Equanimeous St. Brown (2023): 11FP, Zach Pascal (2023): 6FP",26.2,1,0.0,0.0,0.0,,26.2,17
337,James Proche,TEN,WR,168,9,12.5,22.1,10,1.1111111111111112,6.733333333333333,7.300000000000001,5,25.8,,,25.8,0,0.0,0.0,0.0,,25.8,17
338,Mo Alie-Cox,IND,TE,89,17,30.7,29.4,19,1.1176470588235294,3.5352941176470587,2.2764705882352945,5,25.4,,,25.4,1,0.0,0.0,0.0,,25.4,11
339,Cameron Latu,PHI,TE,90,7,0.0,0.0,0,0.0,0.0,0.0,1,24.7,25.7,"Nate Adkins (2024): 44FP, Ben Sims (2024): 8FP, Davis Allen (2024): 10FP, Cole Turner (2023): 23FP, Grant Calcaterra (2023): 8FP, Julian Hill (2024): 22FP, Tanner Hudson (2023): 80FP, Quintin Morris (2023): 11FP",25.3,0,0.0,0.0,0.0,,25.3,11
341,Kylen Granson,PHI,TE,91,14,11.0,14.1,9,0.6428571428571429,1.8,1.4714285714285713,5,24.6,,,24.6,0,0.0,0.0,0.0,,24.6,11
342,David Martin-Robinson,TEN,TE,92,10,13.0,9.7,5,0.5,2.5,2.3600000000000003,2,28.7,15.1,"Trevon Wesco (2023): 3FP, Grant Calcaterra (2024): 60FP, Peyton Hendershot (2024): 10FP, Stephen Sullivan (2023): 24FP, Nick Vannett (2023): 1FP, Tyler Kroft (2023): 0FP, Quintin Morris (2024): 15FP, Blake Whiteheart (2025): 2FP",23.9,0,0.0,0.0,0.0,,23.9,11
343,Jake Bobo,SEA,WR,169,11,4.0,2.9,2,0.18181818181818182,1.0909090909090908,0.49090909090909096,3,23.1,,,23.1,0,0.0,0.0,0.0,,23.1,17
345,Cade Stover,HST,TE,93,9,19.9,27.1,16,1.7777777777777777,1.3333333333333333,1.4555555555555555,2,26.9,14.2,"Tucker Fisk (2025): 4FP, Brevin Jordan (2023): 51FP, Ben Sims (2025): 6FP, Sean McKeon (2023): 0FP, Quintin Morris (2024): 15FP, Stephen Anderson (2023): 0FP, Blake Whiteheart (2025): 2FP, MyCole Pruitt (2023): 26FP",22.5,0,0.0,0.0,0.0,,22.5,11
345,Ben Yurosek,MIN,TE,93,7,3.4,4.199999999999999,3,0.42857142857142855,1.2857142857142858,1.042857142857143,1,17.6,25.8,"Nate Adkins (2024): 44FP, Cole Turner (2023): 23FP, Davis Allen (2024): 10FP, Ben Sims (2024): 8FP, Grant Calcaterra (2023): 8FP, Tanner Hudson (2023): 80FP, James Mitchell (2023): 5FP, Julian Hill (2024): 22FP",22.5,1,0.0,0.0,0.0,,22.5,11
347,LaJohntay Wester,BLT,WR,170,11,-1.0,0.0,0,0.0,0.0,0.0,1,38.3,11.7,"Irvin Charles (2024): 0FP, Tim Jones (2023): 19FP, Justyn Ross (2024): 0FP, Samori Toure (2023): 17FP, Steven Sims (2023): 6FP, Derius Davis (2024): 40FP, Jamari Thrash (2025): 21FP, Dareke Young (2023): 0FP",22.3,0,0.0,0.0,0.0,,22.3,17
348,Tucker Fisk,LAC,TE,95,10,3.9000000000000004,4.2,3,0.3,0.2,0.05,3,22.2,,,22.2,0,0.0,0.0,0.0,,22.2,11
351,Andrew Ogletree,IND,TE,96,15,12.700000000000001,13.2,6,0.4,1.9333333333333333,1.3599999999999999,3,20.5,,,20.5,1,0.0,0.0,0.0,,20.5,11
352,Blake Whiteheart,CLV,TE,97,13,2.4,9.7,6,0.46153846153846156,3.3846153846153846,1.4,3,19.7,,,19.7,0,0.0,0.0,0.0,,19.7,11
352,John Bates,WAS,TE,97,15,27.3,25.2,15,1.0,2.8866666666666663,2.6199999999999997,5,19.7,,,19.7,0,0.0,0.0,0.0,,19.7,11
354,Zaire Mitchell-Paden,BLT,TE,99,6,3.7,6.9,3,0.5,3.3333333333333335,1.3333333333333333,1,12.4,24.1,"Giovanni Ricci (2023): 1FP, Payne Durham (2024): 34FP, Josh Whyle (2024): 61FP, Nate Adkins (2024): 44FP, Ko Kieft (2023): 7FP, Grant Calcaterra (2023): 8FP, Elijah Higgins (2024): 49FP, James Mitchell (2023): 5FP",19.4,0,0.0,0.0,0.0,,19.4,12
355,Trent Sherfield,DEN,WR,172,10,5.1,8.5,5,0.5,2.35,1.31,5,19.0,,,19.0,0,0.0,0.0,0.0,,19.0,17
356,Charlie Kolar,BLT,TE,100,17,36.2,20.6,12,0.7058823529411765,4.911764705882353,3.264705882352941,4,18.4,,,18.4,0,0.0,0.0,0.0,,18.4,12
357,Payne Durham,TB,TE,101,14,2.1,8.6,4,0.2857142857142857,1.2142857142857142,0.8428571428571429,3,18.1,,,18.1,0,0.0,0.0,0.0,,18.1,12
357,Jonathan Mingo,DAL,WR,173,6,3.5,9.6,4,0.6666666666666666,9.666666666666666,3.8666666666666667,3,18.1,,,18.1,1,0.0,0.0,0.0,,18.1,17
360,Quintin Morris,JAX,TE,102,9,17.5,15.5,7,0.7777777777777778,3.7222222222222223,2.522222222222222,4,17.8,,,17.8,1,0.0,0.0,0.0,,17.8,12
361,Ben Skowronek,PIT,WR,174,13,16.9,10.3,6,0.46153846153846156,5.0,3.9846153846153842,5,17.4,,,17.4,0,0.0,0.0,0.0,,17.4,18
361,Ke'Shawn Williams,PIT,WR,174,6,1.6,1.7999999999999998,1,0.16666666666666666,0.6666666666666666,0.2833333333333333,1,27.4,10.7,"Irvin Charles (2024): 0FP, Dareke Young (2023): 0FP, Justyn Ross (2024): 0FP, Samori Toure (2023): 17FP, Jamari Thrash (2025): 21FP, Tim Jones (2023): 19FP, Rakim Jarrett (2024): 21FP, River Cracraft (2023): 27FP",17.4,0,0.0,0.0,0.0,,17.4,18
366,Derius Davis,LAC,WR,177,9,2.5,10.5,3,0.3333333333333333,3.5555555555555554,1.7000000000000002,3,16.8,,,16.8,0,0.0,0.0,0.0,,16.8,18
367,Ian Thomas,LV,TE,103,12,24.4,19.3,13,1.0833333333333333,2.3833333333333333,1.8416666666666668,5,16.3,,,16.3,0,0.0,0.0,0.0,,16.3,12
368,Jack Stoll,NO,TE,104,14,16.599999999999998,16.2,10,0.7142857142857143,1.8214285714285714,1.0142857142857145,5,15.1,,,15.1,1,0.0,0.0,0.0,,15.1,12
369,Malik Heath,GB,WR,178,11,14.600000000000001,10.6,7,0.6363636363636364,5.4818181818181815,1.8636363636363635,3,14.9,,,14.9,1,0.0,0.0,0.0,,14.9,18
372,Kameron Johnson,TB,WR,181,9,17.7,12.8,7,0.7777777777777778,6.422222222222222,3.744444444444445,2,13.0,14.1,"River Cracraft (2024): 14FP, Mike Strachan (2023): 6FP, Laviska Shenault (2023): 22FP, Derius Davis (2025): 2FP, Byron Pringle (2023): 29FP, Ryan Miller (2025): 11FP, D'Wayne Eskridge (2023): 0FP, Dyami Brown (2023): 35FP",13.4,0,0.0,0.0,0.0,,13.4,18
373,Josiah Deguara,ARZ,TE,105,10,11.1,8.0,4,0.4,1.55,0.8300000000000001,5,13.3,,,13.3,0,0.0,0.0,0.0,,13.3,12
374,Colson Yankoff,WAS,TE,106,12,3.8,4.7,3,0.25,1.5,0.625,2,11.0,13.5,"Andrew Beck (2023): 0FP, Luke Farrell (2023): 28FP, Tyler Kroft (2023): 0FP, Grant Calcaterra (2024): 60FP, Trevon Wesco (2023): 3FP, Nick Vannett (2023): 1FP, Stephen Sullivan (2023): 24FP, Peyton Hendershot (2024): 10FP",11.9,0,0.0,0.0,0.0,,11.9,12
375,Brenden Bates,CLV,TE,107,7,8.8,9.4,5,0.7142857142857143,3.7857142857142856,2.4857142857142853,2,10.2,13.7,"Peyton Hendershot (2024): 10FP, Nick Vannett (2023): 1FP, Trevon Wesco (2023): 3FP, Stephen Sullivan (2023): 24FP, Charlie Kolar (2024): 28FP, Grant Calcaterra (2024): 60FP, Blake Whiteheart (2025): 2FP, Tyler Kroft (2023): 0FP",11.4,0,0.0,0.0,0.0,,11.4,12
378,Scott Miller,PIT,WR,182,11,15.2,21.1,12,1.0909090909090908,1.8454545454545455,3.209090909090909,5,10.8,,,10.8,0,0.0,0.0,0.0,,10.8,18
380,Ryan Miller,TB,WR,184,9,11.4,8.3,4,0.4444444444444444,7.777777777777778,2.6222222222222222,3,3.1,,,3.1,0,0.0,0.0,0.0,,3.1,18
381,Chris Manhertz,NYG,TE,108,9,1.7,3.2,2,0.2222222222222222,1.3333333333333333,0.6555555555555556,5,2.5,,,2.5,0,0.0,0.0,0.0,,2.5,13
